build_id,cache_hits
build_0001,2
build_0002,3
build_0003,7
build_0004,2
build_0005,5
build_0006,10
build_0007,3
build_0008,3
build_0009,7
build_0010,0
build_0011,10
build_0012,9
build_0013,1
build_0014,6
build_0015,10
build_0016,0
build_0017,9
build_0018,0
build_0019,7
build_0020,8
build_0021,8
build_0022,0
build_0023,8
build_0024,7
build_0025,7
build_0026,3
build_0027,3
build_0028,3
build_0029,0
build_0030,3
build_0031,0
build_0032,9
build_0033,9
build_0034,4
build_0035,7
build_0036,3
build_0037,10
build_0038,4
build_0039,7
build_0040,0
build_0041,1
build_0042,6
build_0043,5
build_0044,0
build_0045,2
build_0046,4
build_0047,5
build_0048,0
build_0049,6
build_0050,6
build_0051,8
build_0052,6
build_0053,4
build_0054,7
build_0055,3
build_0056,9
build_0057,3
build_0058,7
build_0059,7
build_0060,4
build_0061,7
build_0062,2
build_0063,5
build_0064,7
build_0065,3
build_0066,7
build_0067,10
build_0068,3
build_0069,0
build_0070,3
build_0071,7
build_0072,4
build_0073,1
build_0074,5
build_0075,7
build_0076,2
build_0077,3
build_0078,0
build_0079,4
build_0080,8
build_0081,6
build_0082,8
build_0083,3
build_0084,9
build_0085,0
build_0086,1
build_0087,4
build_0088,2
build_0089,8
build_0090,9
build_0091,3
build_0092,0
build_0093,10
build_0094,0
build_0095,4
build_0096,1
build_0097,7
build_0098,7
build_0099,6
build_0100,4
build_0101,0
build_0102,4
build_0103,2
build_0104,1
build_0105,7
build_0106,1
build_0107,4
build_0108,7
build_0109,5
build_0110,0
build_0111,0
build_0112,9
build_0113,8
build_0114,6
build_0115,0
build_0116,8
build_0117,7
build_0118,4
build_0119,7
build_0120,9
build_0121,9
build_0122,10
build_0123,7
build_0124,3
build_0125,7
build_0126,10
build_0127,7
build_0128,10
build_0129,4
build_0130,3
build_0131,6
build_0132,7
build_0133,6
build_0134,0
build_0135,3
build_0136,1
build_0137,4
build_0138,7
build_0139,4
build_0140,10
build_0141,2
build_0142,8
build_0143,7
build_0144,6
build_0145,1
build_0146,6
build_0147,1
build_0148,4
build_0149,2
build_0150,9
build_0151,6
build_0152,2
build_0153,7
build_0154,4
build_0155,3
build_0156,7
build_0157,1
build_0158,9
build_0159,2
build_0160,6
build_0161,2
build_0162,10
build_0163,2
build_0164,2
build_0165,5
build_0166,10
build_0167,9
build_0168,5
build_0169,8
build_0170,10
build_0171,10
build_0172,9
build_0173,1
build_0174,7
build_0175,8
build_0176,9
build_0177,9
build_0178,3
build_0179,8
build_0180,5
build_0181,7
build_0182,0
build_0183,5
build_0184,2
build_0185,8
build_0186,6
build_0187,2
build_0188,8
build_0189,4
build_0190,2
build_0191,10
build_0192,0
build_0193,0
build_0194,6
build_0195,8
build_0196,5
build_0197,7
build_0198,10
build_0199,2
build_0200,10
