build_id,service_name,pipeline_name,status,queued_at,started_at,finished_at,queue_time_seconds,execution_time_seconds,cache_hits,parallel_tasks,parallel_time_seconds
build_0001,auth,dev,failed,2026-09-08T04:28:24.430732,2026-09-08T04:30:48.430732,2026-09-08T04:34:10.430732,144.0,202.0,1,2,127.00468466145779
build_0002,auth,dev,success,2026-09-08T04:32:24.431759,2026-09-08T04:34:53.431759,2026-09-08T04:44:30.431759,149.0,577.0,9,1,577.0
build_0003,notifications,dev,failed,2026-09-08T03:44:24.431759,2026-09-08T03:47:16.431759,2026-09-08T03:48:22.431759,172.0,66.0,2,7,21.699797057368535
build_0004,payments,dev,failed,2026-09-08T04:46:24.431759,2026-09-08T04:47:41.431759,2026-09-08T04:55:10.431759,77.0,449.0,1,6,85.72838469110471
build_0005,orders,dev,failed,2026-09-08T03:51:24.431759,2026-09-08T03:52:57.431759,2026-09-08T04:00:24.431759,93.0,447.0,1,5,103.52929137779566
build_0006,orders,prod,success,2026-09-08T03:29:24.431759,2026-09-08T03:30:29.431759,2026-09-08T03:32:15.431759,65.0,106.0,10,4,31.935357799753664
build_0007,auth,dev,success,2026-09-08T04:11:24.431759,2026-09-08T04:14:16.431759,2026-09-08T04:23:00.431759,172.0,524.0,10,6,288.9806038917975
build_0008,orders,dev,failed,2026-09-08T03:30:24.431759,2026-09-08T03:31:30.431759,2026-09-08T03:35:25.431759,66.0,235.0,8,4,157.69616174335442
build_0009,notifications,staging,success,2026-09-08T03:32:24.431759,2026-09-08T03:35:40.431759,2026-09-08T03:37:37.431759,196.0,117.0,3,1,117.0
build_0010,notifications,staging,success,2026-09-08T04:32:24.431759,2026-09-08T04:35:35.431759,2026-09-08T04:40:12.431759,191.0,277.0,10,8,73.48604213657613
build_0011,notifications,dev,failed,2026-09-08T04:42:24.431759,2026-09-08T04:45:00.431759,2026-09-08T04:50:29.431759,156.0,329.0,9,7,51.51138714275718
build_0012,notifications,staging,success,2026-09-08T04:42:24.431759,2026-09-08T04:47:14.431759,2026-09-08T04:56:39.431759,290.0,565.0,1,1,565.0
build_0013,payments,prod,success,2026-09-08T03:18:24.431759,2026-09-08T03:22:30.431759,2026-09-08T03:24:35.431759,246.0,125.0,6,7,27.32043031274215
build_0014,notifications,prod,failed,2026-09-08T03:49:24.431759,2026-09-08T03:49:59.431759,2026-09-08T03:52:56.431759,35.0,177.0,10,5,43.44203323771584
build_0015,orders,dev,failed,2026-09-08T04:04:24.431759,2026-09-08T04:06:14.431759,2026-09-08T04:14:58.431759,110.0,524.0,0,5,107.21112687907865
build_0016,payments,prod,success,2026-09-08T03:39:24.431759,2026-09-08T03:42:26.431759,2026-09-08T03:52:05.431759,182.0,579.0,9,4,396.9783555315589
build_0017,payments,prod,success,2026-09-08T03:43:24.431759,2026-09-08T03:46:39.431759,2026-09-08T03:55:59.431759,195.0,560.0,0,2,290.2910174101665
build_0018,orders,dev,success,2026-09-08T04:29:24.431759,2026-09-08T04:30:34.431759,2026-09-08T04:33:01.431759,70.0,147.0,7,2,74.31807502530395
build_0019,payments,dev,failed,2026-09-08T03:49:24.431759,2026-09-08T03:51:18.431759,2026-09-08T03:56:49.431759,114.0,331.0,8,7,48.775618250400576
build_0020,payments,prod,failed,2026-09-08T04:08:24.431759,2026-09-08T04:12:05.431759,2026-09-08T04:20:33.431759,221.0,508.0,8,8,275.0362327500777
build_0021,payments,dev,failed,2026-09-08T04:57:24.431759,2026-09-08T04:59:51.431759,2026-09-08T05:04:36.431759,147.0,285.0,0,2,166.8773667571239
build_0022,auth,dev,success,2026-09-08T04:55:24.431759,2026-09-08T04:58:43.431759,2026-09-08T05:00:55.431759,199.0,132.0,8,4,71.91768203154732
build_0023,notifications,dev,success,2026-09-08T03:27:24.431759,2026-09-08T03:31:56.431759,2026-09-08T03:37:04.431759,272.0,308.0,7,7,143.76001132717744
build_0024,auth,prod,failed,2026-09-08T04:14:24.431759,2026-09-08T04:18:30.431759,2026-09-08T04:26:30.431759,246.0,480.0,7,1,480.0
build_0025,auth,dev,failed,2026-09-08T03:26:24.431759,2026-09-08T03:29:47.431759,2026-09-08T03:32:38.431759,203.0,171.0,3,4,108.87373635189823
build_0026,notifications,dev,failed,2026-09-08T04:36:24.431759,2026-09-08T04:39:16.431759,2026-09-08T04:48:09.431759,172.0,533.0,3,2,369.3359051679385
build_0027,auth,dev,success,2026-09-08T04:48:24.431759,2026-09-08T04:50:55.431759,2026-09-08T04:54:45.431759,151.0,230.0,6,8,52.63749403098733
build_0028,notifications,dev,success,2026-09-08T04:11:24.431759,2026-09-08T04:11:55.431759,2026-09-08T04:19:34.431759,31.0,459.0,4,8,153.16620562106345
build_0029,notifications,dev,success,2026-09-08T04:22:24.431759,2026-09-08T04:24:45.431759,2026-09-08T04:26:44.431759,141.0,119.0,9,1,119.0
build_0030,auth,dev,failed,2026-09-08T03:55:24.431759,2026-09-08T03:57:14.431759,2026-09-08T03:59:12.431759,110.0,118.0,8,2,63.73752944680832
build_0031,auth,prod,success,2026-09-08T03:33:24.431759,2026-09-08T03:35:54.431759,2026-09-08T03:43:47.431759,150.0,473.0,1,4,172.83228660151116
build_0032,auth,prod,success,2026-09-08T04:06:24.431759,2026-09-08T04:11:21.431759,2026-09-08T04:17:44.431759,297.0,383.0,4,4,127.27728623354383
build_0033,orders,dev,failed,2026-09-08T04:09:24.431759,2026-09-08T04:11:01.431759,2026-09-08T04:17:08.431759,97.0,367.0,7,6,65.01223048267137
build_0034,auth,dev,failed,2026-09-08T03:40:24.431759,2026-09-08T03:41:45.431759,2026-09-08T03:44:00.431759,81.0,135.0,8,4,53.621345742983365
build_0035,payments,staging,success,2026-09-08T04:28:24.431759,2026-09-08T04:32:03.431759,2026-09-08T04:37:54.431759,219.0,351.0,2,8,51.34420381788474
build_0036,orders,prod,success,2026-09-08T03:34:24.431759,2026-09-08T03:37:27.431759,2026-09-08T03:40:13.431759,183.0,166.0,2,5,113.56525461563963
build_0037,auth,prod,success,2026-09-08T04:25:24.431759,2026-09-08T04:28:18.431759,2026-09-08T04:32:53.431759,174.0,275.0,5,4,89.79617092830676
build_0038,orders,prod,failed,2026-09-08T04:27:24.431759,2026-09-08T04:28:20.431759,2026-09-08T04:30:54.431759,56.0,154.0,10,7,25.76936386840498
build_0039,auth,dev,failed,2026-09-08T03:21:24.431759,2026-09-08T03:23:00.431759,2026-09-08T03:28:28.431759,96.0,328.0,2,8,67.465239156242
build_0040,notifications,prod,success,2026-09-08T04:45:24.431759,2026-09-08T04:46:32.431759,2026-09-08T04:50:04.431759,68.0,212.0,8,1,212.0
build_0041,payments,staging,success,2026-09-08T04:54:24.431759,2026-09-08T04:57:31.431759,2026-09-08T05:04:44.431759,187.0,433.0,0,6,211.18008933310568
build_0042,payments,prod,success,2026-09-08T04:14:24.431759,2026-09-08T04:18:22.431759,2026-09-08T04:22:00.431759,238.0,218.0,3,3,73.83793154102193
build_0043,payments,staging,success,2026-09-08T04:37:24.431759,2026-09-08T04:40:44.431759,2026-09-08T04:48:45.431759,200.0,481.0,10,4,267.1603109691713
build_0044,auth,staging,success,2026-09-08T03:10:24.431759,2026-09-08T03:14:54.431759,2026-09-08T03:19:41.431759,270.0,287.0,3,8,83.24609966038152
build_0045,payments,dev,success,2026-09-08T03:35:24.431759,2026-09-08T03:37:32.431759,2026-09-08T03:45:20.431759,128.0,468.0,5,5,104.99366546009452
build_0046,orders,staging,failed,2026-09-08T03:33:24.431759,2026-09-08T03:36:43.431759,2026-09-08T03:38:11.431759,199.0,88.0,1,5,51.3337660221009
build_0047,orders,dev,success,2026-09-08T03:43:24.431759,2026-09-08T03:47:36.431759,2026-09-08T03:54:29.431759,252.0,413.0,5,7,89.06134500903187
build_0048,auth,staging,success,2026-09-08T04:27:24.431759,2026-09-08T04:28:16.431759,2026-09-08T04:36:42.431759,52.0,506.0,0,4,241.79701068643251
build_0049,auth,prod,failed,2026-09-08T03:40:24.431759,2026-09-08T03:43:34.431759,2026-09-08T03:46:41.431759,190.0,187.0,4,5,50.987416077340605
build_0050,orders,staging,failed,2026-09-08T03:49:24.431759,2026-09-08T03:50:59.431759,2026-09-08T03:55:15.431759,95.0,256.0,6,7,50.55384430365687
build_0051,payments,prod,failed,2026-09-08T04:08:24.431759,2026-09-08T04:08:54.431759,2026-09-08T04:15:05.431759,30.0,371.0,4,4,162.03247598351865
build_0052,orders,staging,failed,2026-09-08T04:03:24.431759,2026-09-08T04:05:43.431759,2026-09-08T04:15:26.431759,139.0,583.0,7,3,251.54231574524033
build_0053,orders,prod,failed,2026-09-08T04:48:24.431759,2026-09-08T04:50:54.431759,2026-09-08T04:57:11.431759,150.0,377.0,3,4,261.43122113362756
build_0054,auth,dev,failed,2026-09-08T03:41:24.431759,2026-09-08T03:42:31.431759,2026-09-08T03:51:17.431759,67.0,526.0,6,4,166.71749825624659
build_0055,notifications,staging,failed,2026-09-08T04:28:24.431759,2026-09-08T04:30:09.431759,2026-09-08T04:31:14.431759,105.0,65.0,1,7,28.101463149562043
build_0056,notifications,dev,success,2026-09-08T03:11:24.431759,2026-09-08T03:12:56.431759,2026-09-08T03:21:43.431759,92.0,527.0,2,8,92.89545226507623
build_0057,orders,staging,failed,2026-09-08T03:13:24.431759,2026-09-08T03:17:42.431759,2026-09-08T03:21:24.431759,258.0,222.0,7,8,78.8817036314465
build_0058,payments,prod,failed,2026-09-08T03:21:24.431759,2026-09-08T03:26:20.431759,2026-09-08T03:35:36.431759,296.0,556.0,10,4,304.8592691043753
build_0059,auth,prod,failed,2026-09-08T04:29:24.431759,2026-09-08T04:32:13.431759,2026-09-08T04:38:56.431759,169.0,403.0,5,2,354.01368813978434
build_0060,payments,staging,success,2026-09-08T03:29:24.431759,2026-09-08T03:31:43.431759,2026-09-08T03:33:48.431759,139.0,125.0,6,7,41.87200213269857
build_0061,notifications,staging,success,2026-09-08T04:33:24.431759,2026-09-08T04:37:29.431759,2026-09-08T04:45:07.431759,245.0,458.0,9,1,458.0
build_0062,notifications,staging,success,2026-09-08T04:14:24.431759,2026-09-08T04:17:26.431759,2026-09-08T04:25:05.431759,182.0,459.0,6,4,186.23043542519872
build_0063,orders,staging,failed,2026-09-08T04:56:24.431759,2026-09-08T05:00:13.431759,2026-09-08T05:06:57.431759,229.0,404.0,10,7,75.58341039711053
build_0064,notifications,dev,success,2026-09-08T04:09:24.431759,2026-09-08T04:10:07.431759,2026-09-08T04:12:32.431759,43.0,145.0,10,7,79.92517136981047
build_0065,notifications,dev,success,2026-09-08T04:26:24.431759,2026-09-08T04:30:08.431759,2026-09-08T04:36:43.431759,224.0,395.0,3,8,120.13671981465406
build_0066,notifications,staging,failed,2026-09-08T04:27:24.431759,2026-09-08T04:28:35.431759,2026-09-08T04:37:36.431759,71.0,541.0,0,1,541.0
build_0067,orders,dev,success,2026-09-08T03:20:24.431759,2026-09-08T03:21:14.431759,2026-09-08T03:22:45.431759,50.0,91.0,3,4,25.869274875654927
build_0068,payments,dev,success,2026-09-08T03:59:24.431759,2026-09-08T04:00:52.431759,2026-09-08T04:05:35.431759,88.0,283.0,7,5,69.57432619292281
build_0069,payments,prod,success,2026-09-08T03:20:24.431759,2026-09-08T03:22:17.431759,2026-09-08T03:28:35.431759,113.0,378.0,1,1,378.0
build_0070,notifications,staging,success,2026-09-08T04:50:24.431759,2026-09-08T04:52:58.431759,2026-09-08T04:55:42.431759,154.0,164.0,4,2,91.30248026772976
build_0071,auth,staging,failed,2026-09-08T03:35:24.431759,2026-09-08T03:39:03.431759,2026-09-08T03:41:13.431759,219.0,130.0,8,6,122.26539905532064
build_0072,notifications,staging,success,2026-09-08T04:04:24.431759,2026-09-08T04:07:59.431759,2026-09-08T04:16:49.431759,215.0,530.0,2,7,257.6791089184466
build_0073,orders,prod,failed,2026-09-08T04:00:24.431759,2026-09-08T04:04:37.431759,2026-09-08T04:10:11.431759,253.0,334.0,5,4,95.64190598280223
build_0074,auth,staging,failed,2026-09-08T04:28:24.431759,2026-09-08T04:32:51.431759,2026-09-08T04:40:19.431759,267.0,448.0,5,1,448.0
build_0075,orders,dev,failed,2026-09-08T04:32:24.431759,2026-09-08T04:35:55.431759,2026-09-08T04:41:19.431759,211.0,324.0,5,5,71.66112379728601
build_0076,orders,prod,success,2026-09-08T03:53:24.431759,2026-09-08T03:55:31.431759,2026-09-08T03:57:58.431759,127.0,147.0,3,7,37.390622118382936
build_0077,payments,prod,failed,2026-09-08T03:37:24.431759,2026-09-08T03:42:05.431759,2026-09-08T03:50:43.431759,281.0,518.0,0,2,400.23625333456613
build_0078,notifications,prod,success,2026-09-08T04:20:24.431759,2026-09-08T04:24:02.431759,2026-09-08T04:33:06.431759,218.0,544.0,8,6,173.9397870805224
build_0079,orders,staging,failed,2026-09-08T04:25:24.431759,2026-09-08T04:28:30.431759,2026-09-08T04:33:47.431759,186.0,317.0,3,2,184.1648089341432
build_0080,orders,dev,success,2026-09-08T04:35:24.431759,2026-09-08T04:37:44.431759,2026-09-08T04:46:59.431759,140.0,555.0,4,5,112.75806690743332
build_0081,payments,staging,success,2026-09-08T04:13:24.431759,2026-09-08T04:15:25.431759,2026-09-08T04:21:34.431759,121.0,369.0,0,3,238.2762509318713
build_0082,auth,prod,failed,2026-09-08T03:30:24.431759,2026-09-08T03:31:58.431759,2026-09-08T03:41:20.431759,94.0,562.0,1,1,562.0
build_0083,notifications,staging,failed,2026-09-08T04:16:24.431759,2026-09-08T04:18:28.431759,2026-09-08T04:20:20.431759,124.0,112.0,4,8,62.270309255156626
build_0084,auth,staging,failed,2026-09-08T04:50:24.431759,2026-09-08T04:51:21.431759,2026-09-08T04:54:56.431759,57.0,215.0,2,5,160.36116214727866
build_0085,payments,dev,failed,2026-09-08T03:42:24.431759,2026-09-08T03:44:49.431759,2026-09-08T03:54:44.431759,145.0,595.0,6,8,80.84754705604657
build_0086,orders,prod,failed,2026-09-08T04:20:24.431759,2026-09-08T04:21:24.431759,2026-09-08T04:24:05.431759,60.0,161.0,3,4,89.74667255329682
build_0087,auth,dev,success,2026-09-08T04:37:24.431759,2026-09-08T04:38:32.431759,2026-09-08T04:42:12.431759,68.0,220.0,0,7,59.410931523431856
build_0088,notifications,staging,success,2026-09-08T04:30:24.431759,2026-09-08T04:33:21.431759,2026-09-08T04:39:10.431759,177.0,349.0,7,2,206.82891961916133
build_0089,orders,prod,success,2026-09-08T04:05:24.431759,2026-09-08T04:06:52.431759,2026-09-08T04:11:42.431759,88.0,290.0,10,3,102.95286969789684
build_0090,payments,dev,success,2026-09-08T04:38:24.431759,2026-09-08T04:41:31.431759,2026-09-08T04:47:26.431759,187.0,355.0,7,2,241.71069013818325
build_0091,orders,prod,failed,2026-09-08T04:25:24.431759,2026-09-08T04:30:10.431759,2026-09-08T04:39:35.431759,286.0,565.0,7,2,353.5588471908709
build_0092,notifications,prod,failed,2026-09-08T03:42:24.431759,2026-09-08T03:45:02.431759,2026-09-08T03:46:28.431759,158.0,86.0,1,4,22.132244602171436
build_0093,auth,prod,failed,2026-09-08T03:46:24.431759,2026-09-08T03:47:14.431759,2026-09-08T03:51:13.431759,50.0,239.0,7,8,32.24279166193903
build_0094,payments,prod,failed,2026-09-08T03:38:24.431759,2026-09-08T03:43:05.431759,2026-09-08T03:45:38.431759,281.0,153.0,7,6,50.30014942180507
build_0095,orders,prod,success,2026-09-08T03:10:24.431759,2026-09-08T03:12:16.431759,2026-09-08T03:18:53.431759,112.0,397.0,6,8,131.56479462400534
build_0096,notifications,prod,success,2026-09-08T04:01:24.431759,2026-09-08T04:02:39.431759,2026-09-08T04:09:01.431759,75.0,382.0,4,6,241.83214966608293
build_0097,notifications,prod,success,2026-09-08T03:35:24.431759,2026-09-08T03:39:50.431759,2026-09-08T03:47:53.431759,266.0,483.0,0,4,189.01755729488556
build_0098,notifications,prod,failed,2026-09-08T03:22:24.431759,2026-09-08T03:23:20.431759,2026-09-08T03:27:48.431759,56.0,268.0,4,3,93.85904366539917
build_0099,notifications,prod,failed,2026-09-08T04:44:24.431759,2026-09-08T04:45:08.431759,2026-09-08T04:50:13.431759,44.0,305.0,2,5,95.21264490522724
build_0100,notifications,dev,success,2026-09-08T03:12:24.431759,2026-09-08T03:13:52.431759,2026-09-08T03:22:44.431759,88.0,532.0,1,3,266.4328188600869
build_0101,orders,prod,failed,2026-09-08T04:06:24.431759,2026-09-08T04:11:01.431759,2026-09-08T04:20:04.431759,277.0,543.0,3,8,111.75471172893963
build_0102,notifications,dev,success,2026-09-08T03:09:24.431759,2026-09-08T03:10:29.431759,2026-09-08T03:16:11.431759,65.0,342.0,6,6,60.304251150780466
build_0103,orders,dev,failed,2026-09-08T03:27:24.431759,2026-09-08T03:30:26.431759,2026-09-08T03:39:47.431759,182.0,561.0,2,8,117.60848383455621
build_0104,orders,staging,failed,2026-09-08T04:01:24.431759,2026-09-08T04:04:38.431759,2026-09-08T04:08:51.431759,194.0,253.0,3,7,105.35632048257827
build_0105,notifications,dev,failed,2026-09-08T03:24:24.431759,2026-09-08T03:28:56.431759,2026-09-08T03:36:26.431759,272.0,450.0,6,3,226.0559867202755
build_0106,auth,dev,failed,2026-09-08T04:47:24.431759,2026-09-08T04:51:39.431759,2026-09-08T04:54:21.431759,255.0,162.0,8,8,146.28422024439155
build_0107,payments,staging,success,2026-09-08T04:50:24.431759,2026-09-08T04:54:54.431759,2026-09-08T05:00:25.431759,270.0,331.0,5,7,67.56453448053882
build_0108,orders,prod,failed,2026-09-08T04:19:24.431759,2026-09-08T04:24:03.431759,2026-09-08T04:25:39.431759,279.0,96.0,9,2,77.74725746453554
build_0109,orders,dev,success,2026-09-08T04:04:24.431759,2026-09-08T04:05:44.431759,2026-09-08T04:08:26.431759,80.0,162.0,7,3,67.83912991383475
build_0110,auth,dev,failed,2026-09-08T03:18:24.431759,2026-09-08T03:19:22.431759,2026-09-08T03:25:22.431759,58.0,360.0,5,6,114.16126258935951
build_0111,payments,prod,failed,2026-09-08T03:47:24.431759,2026-09-08T03:49:26.431759,2026-09-08T03:53:20.431759,122.0,234.0,2,2,145.38750797378586
build_0112,notifications,prod,success,2026-09-08T03:56:24.432617,2026-09-08T03:58:07.432617,2026-09-08T04:03:04.432617,103.0,297.0,7,5,104.64076520394731
build_0113,auth,staging,failed,2026-09-08T03:33:24.432617,2026-09-08T03:35:14.432617,2026-09-08T03:37:29.432617,110.0,135.0,7,6,22.73393799604966
build_0114,orders,prod,failed,2026-09-08T03:31:24.432617,2026-09-08T03:34:02.432617,2026-09-08T03:42:49.432617,158.0,527.0,4,4,131.81192865469794
build_0115,notifications,dev,success,2026-09-08T04:11:24.432617,2026-09-08T04:14:57.432617,2026-09-08T04:20:59.432617,213.0,362.0,4,1,362.0
build_0116,notifications,staging,success,2026-09-08T03:47:24.432617,2026-09-08T03:48:19.432617,2026-09-08T03:57:47.432617,55.0,568.0,4,4,201.33312341358263
build_0117,orders,dev,success,2026-09-08T03:40:24.432617,2026-09-08T03:43:02.432617,2026-09-08T03:46:22.432617,158.0,200.0,10,2,105.07492423810734
build_0118,auth,staging,failed,2026-09-08T04:55:24.432617,2026-09-08T04:59:00.432617,2026-09-08T05:02:14.432617,216.0,194.0,1,5,84.09639604019426
build_0119,notifications,dev,success,2026-09-08T04:43:24.432617,2026-09-08T04:47:01.432617,2026-09-08T04:56:34.432617,217.0,573.0,4,3,378.4825924333557
build_0120,notifications,staging,failed,2026-09-08T03:17:24.432617,2026-09-08T03:18:52.432617,2026-09-08T03:27:51.432617,88.0,539.0,1,3,214.88632074436308
build_0121,payments,prod,failed,2026-09-08T03:11:24.432617,2026-09-08T03:15:01.432617,2026-09-08T03:17:33.432617,217.0,152.0,6,1,152.0
build_0122,auth,staging,failed,2026-09-08T03:33:24.432617,2026-09-08T03:36:08.432617,2026-09-08T03:43:38.432617,164.0,450.0,10,6,291.87980440838714
build_0123,payments,staging,success,2026-09-08T03:40:24.432617,2026-09-08T03:43:41.432617,2026-09-08T03:48:27.432617,197.0,286.0,10,2,174.88034367934327
build_0124,notifications,prod,failed,2026-09-08T03:36:24.432617,2026-09-08T03:40:23.432617,2026-09-08T03:43:22.432617,239.0,179.0,2,1,179.0
build_0125,orders,staging,success,2026-09-08T04:47:24.432617,2026-09-08T04:49:54.432617,2026-09-08T04:53:12.432617,150.0,198.0,6,8,55.04463801483204
build_0126,notifications,prod,success,2026-09-08T04:06:24.432617,2026-09-08T04:07:44.432617,2026-09-08T04:17:05.432617,80.0,561.0,9,7,84.56030697645166
build_0127,orders,dev,failed,2026-09-08T04:32:24.432617,2026-09-08T04:36:41.432617,2026-09-08T04:45:16.432617,257.0,515.0,3,6,344.07352194916024
build_0128,orders,prod,failed,2026-09-08T04:52:24.432617,2026-09-08T04:56:17.432617,2026-09-08T05:01:59.432617,233.0,342.0,3,2,175.47363106437652
build_0129,notifications,dev,success,2026-09-08T03:37:24.432617,2026-09-08T03:38:04.432617,2026-09-08T03:39:55.432617,40.0,111.0,5,4,27.98463216838073
build_0130,payments,dev,success,2026-09-08T03:44:24.432617,2026-09-08T03:46:44.432617,2026-09-08T03:51:42.432617,140.0,298.0,5,3,115.62543915290749
build_0131,auth,staging,success,2026-09-08T04:43:24.432617,2026-09-08T04:46:02.432617,2026-09-08T04:50:00.432617,158.0,238.0,1,1,238.0
build_0132,orders,dev,failed,2026-09-08T04:57:24.432617,2026-09-08T04:59:23.432617,2026-09-08T05:04:54.432617,119.0,331.0,0,3,133.2830742640244
build_0133,auth,prod,success,2026-09-08T03:59:24.432617,2026-09-08T04:03:43.432617,2026-09-08T04:10:53.432617,259.0,430.0,8,2,296.14214527313703
build_0134,payments,prod,success,2026-09-08T03:26:24.432617,2026-09-08T03:31:20.432617,2026-09-08T03:37:28.432617,296.0,368.0,7,1,368.0
build_0135,notifications,staging,failed,2026-09-08T03:32:24.432617,2026-09-08T03:33:49.432617,2026-09-08T03:43:11.432617,85.0,562.0,7,2,295.9036667834524
build_0136,orders,prod,success,2026-09-08T04:51:24.432617,2026-09-08T04:52:58.432617,2026-09-08T04:58:39.432617,94.0,341.0,9,6,117.40313920622631
build_0137,orders,staging,failed,2026-09-08T04:47:24.432617,2026-09-08T04:48:52.432617,2026-09-08T04:53:32.432617,88.0,280.0,6,8,38.799234882957684
build_0138,notifications,staging,failed,2026-09-08T04:08:24.432617,2026-09-08T04:12:26.432617,2026-09-08T04:15:03.432617,242.0,157.0,5,7,54.606009476181846
build_0139,orders,staging,success,2026-09-08T03:32:24.432617,2026-09-08T03:36:56.432617,2026-09-08T03:39:04.432617,272.0,128.0,1,2,117.08422572752639
build_0140,auth,prod,failed,2026-09-08T03:16:24.432617,2026-09-08T03:18:00.432617,2026-09-08T03:20:01.432617,96.0,121.0,9,6,27.81566785357735
build_0141,notifications,staging,failed,2026-09-08T03:27:24.432617,2026-09-08T03:28:20.432617,2026-09-08T03:34:14.432617,56.0,354.0,9,5,147.09641996323847
build_0142,payments,dev,failed,2026-09-08T04:31:24.432617,2026-09-08T04:32:49.432617,2026-09-08T04:39:47.432617,85.0,418.0,8,6,265.49348733583724
build_0143,orders,prod,success,2026-09-08T03:16:24.432617,2026-09-08T03:20:33.432617,2026-09-08T03:21:59.432617,249.0,86.0,9,5,77.07386565087356
build_0144,orders,prod,failed,2026-09-08T04:16:24.432617,2026-09-08T04:19:53.432617,2026-09-08T04:20:59.432617,209.0,66.0,2,3,30.947526183363006
build_0145,notifications,dev,success,2026-09-08T03:25:24.432617,2026-09-08T03:26:09.432617,2026-09-08T03:28:42.432617,45.0,153.0,8,4,71.8787965488595
build_0146,notifications,staging,success,2026-09-08T04:12:24.432617,2026-09-08T04:15:33.432617,2026-09-08T04:22:05.432617,189.0,392.0,9,2,208.14061471269616
build_0147,payments,dev,success,2026-09-08T03:33:24.432617,2026-09-08T03:34:35.432617,2026-09-08T03:40:13.432617,71.0,338.0,7,7,86.35732522075918
build_0148,notifications,staging,failed,2026-09-08T04:32:24.432617,2026-09-08T04:37:16.432617,2026-09-08T04:40:12.432617,292.0,176.0,5,7,105.68421130134983
build_0149,notifications,prod,failed,2026-09-08T04:54:24.432617,2026-09-08T04:56:46.432617,2026-09-08T05:04:30.432617,142.0,464.0,9,1,464.0
build_0150,orders,dev,success,2026-09-08T03:22:24.432617,2026-09-08T03:25:04.432617,2026-09-08T03:31:00.432617,160.0,356.0,5,2,353.26926161391464
build_0151,notifications,dev,success,2026-09-08T04:11:24.432617,2026-09-08T04:13:51.432617,2026-09-08T04:23:23.432617,147.0,572.0,8,6,420.4715287958695
build_0152,auth,staging,success,2026-09-08T04:01:24.432617,2026-09-08T04:02:33.432617,2026-09-08T04:08:53.432617,69.0,380.0,9,7,85.57791276793553
build_0153,notifications,staging,success,2026-09-08T04:08:24.432617,2026-09-08T04:09:04.432617,2026-09-08T04:15:36.432617,40.0,392.0,2,8,57.44278727528428
build_0154,orders,dev,failed,2026-09-08T03:11:24.432617,2026-09-08T03:12:48.432617,2026-09-08T03:17:57.432617,84.0,309.0,6,7,74.56968121115159
build_0155,notifications,staging,failed,2026-09-08T04:31:24.432617,2026-09-08T04:34:44.432617,2026-09-08T04:38:36.432617,200.0,232.0,1,2,151.57406853252073
build_0156,payments,staging,failed,2026-09-08T03:26:24.432617,2026-09-08T03:28:09.432617,2026-09-08T03:33:10.432617,105.0,301.0,1,3,199.0824423829493
build_0157,payments,prod,success,2026-09-08T03:22:24.432617,2026-09-08T03:23:32.432617,2026-09-08T03:27:33.432617,68.0,241.0,10,8,56.73696780881878
build_0158,notifications,prod,failed,2026-09-08T03:09:24.432617,2026-09-08T03:12:35.432617,2026-09-08T03:16:09.432617,191.0,214.0,7,2,145.6851579026014
build_0159,orders,staging,success,2026-09-08T04:14:24.432617,2026-09-08T04:19:13.432617,2026-09-08T04:21:28.432617,289.0,135.0,4,8,32.42544453760169
build_0160,auth,staging,failed,2026-09-08T04:50:24.432617,2026-09-08T04:51:40.432617,2026-09-08T05:01:19.432617,76.0,579.0,6,8,114.37475667045405
build_0161,auth,staging,success,2026-09-08T04:18:24.432617,2026-09-08T04:22:57.432617,2026-09-08T04:32:30.432617,273.0,573.0,2,1,573.0
build_0162,orders,prod,success,2026-09-08T03:55:24.432617,2026-09-08T03:57:22.432617,2026-09-08T03:59:02.432617,118.0,100.0,3,8,12.59937416420711
build_0163,payments,staging,failed,2026-09-08T04:23:24.432617,2026-09-08T04:27:12.432617,2026-09-08T04:35:10.432617,228.0,478.0,5,1,478.0
build_0164,orders,dev,failed,2026-09-08T04:47:24.432617,2026-09-08T04:51:11.432617,2026-09-08T04:57:01.432617,227.0,350.0,4,3,209.99276716186236
build_0165,payments,staging,failed,2026-09-08T03:36:24.432617,2026-09-08T03:40:14.432617,2026-09-08T03:43:26.432617,230.0,192.0,9,2,146.61167953296172
build_0166,notifications,prod,failed,2026-09-08T03:15:24.432617,2026-09-08T03:16:59.432617,2026-09-08T03:26:58.432617,95.0,599.0,1,7,147.86724633071566
build_0167,auth,staging,failed,2026-09-08T04:36:24.432617,2026-09-08T04:38:43.432617,2026-09-08T04:45:32.432617,139.0,409.0,7,4,243.50613498941667
build_0168,payments,dev,success,2026-09-08T04:22:24.432617,2026-09-08T04:23:45.432617,2026-09-08T04:33:24.432617,81.0,579.0,8,1,579.0
build_0169,payments,prod,failed,2026-09-08T04:40:24.432617,2026-09-08T04:42:17.432617,2026-09-08T04:46:22.432617,113.0,245.0,9,3,100.31256594641692
build_0170,auth,staging,failed,2026-09-08T03:33:24.432617,2026-09-08T03:35:55.432617,2026-09-08T03:44:29.432617,151.0,514.0,9,5,128.19346825119734
build_0171,notifications,dev,success,2026-09-08T04:20:24.432617,2026-09-08T04:24:54.432617,2026-09-08T04:29:12.432617,270.0,258.0,5,8,60.96754286651404
build_0172,orders,staging,failed,2026-09-08T04:39:24.432617,2026-09-08T04:41:36.432617,2026-09-08T04:44:57.432617,132.0,201.0,4,1,201.0
build_0173,orders,prod,success,2026-09-08T03:28:24.432617,2026-09-08T03:33:18.432617,2026-09-08T03:36:25.432617,294.0,187.0,4,2,106.0621717104604
build_0174,orders,staging,success,2026-09-08T03:13:24.432617,2026-09-08T03:17:37.432617,2026-09-08T03:20:10.432617,253.0,153.0,3,8,21.272429365813952
build_0175,auth,staging,success,2026-09-08T04:09:24.432617,2026-09-08T04:14:11.432617,2026-09-08T04:21:33.432617,287.0,442.0,3,7,63.44055550741496
build_0176,orders,dev,success,2026-09-08T04:19:24.432617,2026-09-08T04:20:44.432617,2026-09-08T04:27:27.432617,80.0,403.0,2,3,374.324364642653
build_0177,notifications,prod,success,2026-09-08T03:22:24.432617,2026-09-08T03:26:54.432617,2026-09-08T03:35:33.432617,270.0,519.0,9,1,519.0
build_0178,auth,staging,success,2026-09-08T03:13:24.432617,2026-09-08T03:15:10.432617,2026-09-08T03:25:10.432617,106.0,600.0,6,2,337.80500215778574
build_0179,payments,staging,success,2026-09-08T04:53:24.432617,2026-09-08T04:55:56.432617,2026-09-08T05:04:05.432617,152.0,489.0,10,8,339.66587754852844
build_0180,notifications,prod,success,2026-09-08T03:39:24.432617,2026-09-08T03:44:17.432617,2026-09-08T03:49:24.432617,293.0,307.0,2,5,112.99411853367457
build_0181,orders,dev,failed,2026-09-08T04:36:24.432617,2026-09-08T04:37:37.432617,2026-09-08T04:47:33.432617,73.0,596.0,5,2,305.10846616948953
build_0182,auth,staging,failed,2026-09-08T04:54:24.432617,2026-09-08T04:58:12.432617,2026-09-08T05:05:34.432617,228.0,442.0,4,1,442.0
build_0183,auth,staging,success,2026-09-08T03:26:24.432617,2026-09-08T03:27:47.432617,2026-09-08T03:34:27.432617,83.0,400.0,2,1,400.0
build_0184,orders,prod,success,2026-09-08T03:13:24.432617,2026-09-08T03:17:51.432617,2026-09-08T03:27:01.432617,267.0,550.0,10,3,209.68393906162808
build_0185,auth,prod,failed,2026-09-08T04:55:24.432617,2026-09-08T04:58:24.432617,2026-09-08T05:02:50.432617,180.0,266.0,0,4,72.72983478898136
build_0186,orders,staging,failed,2026-09-08T03:15:24.432617,2026-09-08T03:19:56.432617,2026-09-08T03:25:15.432617,272.0,319.0,0,4,171.6592525605633
build_0187,auth,prod,failed,2026-09-08T04:25:24.432617,2026-09-08T04:26:57.432617,2026-09-08T04:34:13.432617,93.0,436.0,6,7,79.85572878506353
build_0188,notifications,staging,success,2026-09-08T03:56:24.432617,2026-09-08T04:01:08.432617,2026-09-08T04:08:24.432617,284.0,436.0,8,5,103.69614073068051
build_0189,notifications,dev,failed,2026-09-08T03:42:24.432617,2026-09-08T03:44:26.432617,2026-09-08T03:50:26.432617,122.0,360.0,5,2,333.31206584003155
build_0190,orders,staging,failed,2026-09-08T03:42:24.432617,2026-09-08T03:46:32.432617,2026-09-08T03:50:22.432617,248.0,230.0,7,6,71.08312733407884
build_0191,orders,prod,failed,2026-09-08T04:24:24.432617,2026-09-08T04:25:23.432617,2026-09-08T04:27:39.432617,59.0,136.0,10,7,42.769087273822365
build_0192,payments,dev,success,2026-09-08T03:11:24.432617,2026-09-08T03:15:38.432617,2026-09-08T03:17:13.432617,254.0,95.0,2,2,76.86112869426037
build_0193,orders,staging,failed,2026-09-08T03:47:24.432617,2026-09-08T03:48:10.432617,2026-09-08T03:51:47.432617,46.0,217.0,10,8,28.39658225305262
build_0194,orders,staging,success,2026-09-08T03:46:24.432617,2026-09-08T03:48:04.432617,2026-09-08T03:55:19.432617,100.0,435.0,6,6,102.4058625135169
build_0195,payments,dev,success,2026-09-08T03:25:24.432617,2026-09-08T03:27:29.432617,2026-09-08T03:37:00.432617,125.0,571.0,8,7,88.10022085647638
build_0196,auth,staging,failed,2026-09-08T03:29:24.432617,2026-09-08T03:33:42.432617,2026-09-08T03:38:21.432617,258.0,279.0,9,5,73.88922713827749
build_0197,notifications,dev,success,2026-09-08T04:42:24.432617,2026-09-08T04:43:31.432617,2026-09-08T04:52:13.432617,67.0,522.0,2,8,65.40667491885857
build_0198,orders,prod,failed,2026-09-08T03:29:24.432617,2026-09-08T03:30:27.432617,2026-09-08T03:36:24.432617,63.0,357.0,4,3,147.30042826855802
build_0199,payments,staging,success,2026-09-08T04:44:24.432617,2026-09-08T04:46:36.432617,2026-09-08T04:49:58.432617,132.0,202.0,3,8,170.60981022081995
build_0200,orders,staging,success,2026-09-08T03:41:24.432617,2026-09-08T03:42:38.432617,2026-09-08T03:44:45.432617,74.0,127.0,4,7,18.149156809544962
