build_id,task_id,duration_seconds
build_0001,build_0001_task_1,2.4977268012902147
build_0001,build_0001_task_2,0.8459844297367928
build_0001,build_0001_task_3,1.1196279852283706
build_0001,build_0001_task_4,2.151274768942246
build_0001,build_0001_task_5,1.914734485916967
build_0001,build_0001_task_6,1.754103948349151
build_0001,build_0001_task_7,4.822340235192468
build_0001,build_0001_task_8,0.6166100338886444
build_0001,build_0001_task_9,1.3372162226266995
build_0001,build_0001_task_10,2.829853733937764
build_0002,build_0002_task_1,1.0299244797080385
build_0002,build_0002_task_2,3.987340175891697
build_0002,build_0002_task_3,3.6681701504307163
build_0002,build_0002_task_4,1.4655669144067387
build_0002,build_0002_task_5,3.2534473224363913
build_0002,build_0002_task_6,3.622912884683572
build_0002,build_0002_task_7,4.993829795795685
build_0002,build_0002_task_8,1.4008025344600408
build_0002,build_0002_task_9,1.1107778797873726
build_0002,build_0002_task_10,0.8332341762944466
build_0002,build_0002_task_11,1.2769536379281847
build_0002,build_0002_task_12,3.710164524637165
build_0002,build_0002_task_13,4.987680818103688
build_0003,build_0003_task_1,4.854025563633781
build_0003,build_0003_task_2,4.939585968391187
build_0003,build_0003_task_3,3.5052790572003554
build_0003,build_0003_task_4,3.6929321906881465
build_0003,build_0003_task_5,2.9749871636910075
build_0003,build_0003_task_6,1.8066302725001613
build_0003,build_0003_task_7,1.849805052065322
build_0003,build_0003_task_8,1.2087736219401728
build_0003,build_0003_task_9,3.693037060446739
build_0003,build_0003_task_10,3.65098665185012
build_0003,build_0003_task_11,1.2834095438691504
build_0003,build_0003_task_12,2.126714824061102
build_0003,build_0003_task_13,1.5090872686068044
build_0003,build_0003_task_14,4.93309646028587
build_0003,build_0003_task_15,4.064295531250133
build_0004,build_0004_task_1,4.0566787736348715
build_0004,build_0004_task_2,0.6182781206371957
build_0004,build_0004_task_3,2.993096467668178
build_0004,build_0004_task_4,2.160100244755493
build_0004,build_0004_task_5,4.116477768298639
build_0004,build_0004_task_6,2.982411202668924
build_0004,build_0004_task_7,3.253767631792344
build_0004,build_0004_task_8,0.8879696674336972
build_0005,build_0005_task_1,2.2917199134690884
build_0005,build_0005_task_2,3.7262011932947745
build_0005,build_0005_task_3,2.6539929946186427
build_0005,build_0005_task_4,2.348578042993251
build_0005,build_0005_task_5,2.3424508735912086
build_0005,build_0005_task_6,3.0870522881439193
build_0005,build_0005_task_7,1.0639705201663732
build_0005,build_0005_task_8,1.9266245170721683
build_0005,build_0005_task_9,0.8337425889438779
build_0006,build_0006_task_1,3.5604904579231142
build_0006,build_0006_task_2,2.050316513162149
build_0006,build_0006_task_3,4.450820682426853
build_0006,build_0006_task_4,4.011183179772388
build_0006,build_0006_task_5,3.3790726821499835
build_0006,build_0006_task_6,1.318834114484618
build_0006,build_0006_task_7,4.848190762703481
build_0006,build_0006_task_8,2.446782289168887
build_0006,build_0006_task_9,4.5982052192609935
build_0006,build_0006_task_10,0.7493578250799968
build_0006,build_0006_task_11,1.0587250428755548
build_0006,build_0006_task_12,1.1885696006459028
build_0007,build_0007_task_1,1.2288513180015486
build_0007,build_0007_task_2,4.706320264875848
build_0007,build_0007_task_3,1.5146162812196002
build_0007,build_0007_task_4,4.763674115643414
build_0007,build_0007_task_5,2.835040070318927
build_0007,build_0007_task_6,1.7782173961900298
build_0007,build_0007_task_7,0.8548695715347219
build_0008,build_0008_task_1,3.3577569112448566
build_0008,build_0008_task_2,2.9787863696741286
build_0008,build_0008_task_3,1.0632663280710621
build_0008,build_0008_task_4,1.8627107274899424
build_0008,build_0008_task_5,2.9006511339577123
build_0008,build_0008_task_6,2.761579151335682
build_0008,build_0008_task_7,1.2588615578646807
build_0008,build_0008_task_8,4.737231445408681
build_0009,build_0009_task_1,1.2704028037510655
build_0009,build_0009_task_2,3.310156343451496
build_0009,build_0009_task_3,4.559004021608271
build_0009,build_0009_task_4,2.0192881397261098
build_0009,build_0009_task_5,4.657683763923355
build_0009,build_0009_task_6,0.6853743658480285
build_0009,build_0009_task_7,4.387015362290149
build_0010,build_0010_task_1,0.7045781148110388
build_0010,build_0010_task_2,3.3865418022096203
build_0010,build_0010_task_3,3.095470541648206
build_0010,build_0010_task_4,3.4300848986851995
build_0010,build_0010_task_5,3.9513155041234
build_0010,build_0010_task_6,2.3746405264846078
build_0011,build_0011_task_1,0.6362865436164382
build_0011,build_0011_task_2,4.500485966520294
build_0011,build_0011_task_3,2.9550986759627045
build_0011,build_0011_task_4,3.3885828018555473
build_0011,build_0011_task_5,1.859423508295802
build_0011,build_0011_task_6,1.6019505979202437
build_0011,build_0011_task_7,4.133071914929589
build_0011,build_0011_task_8,2.327416370350513
build_0011,build_0011_task_9,2.5409485982982707
build_0011,build_0011_task_10,3.5987610725284265
build_0011,build_0011_task_11,1.2113620115684323
build_0011,build_0011_task_12,2.370297857963518
build_0011,build_0011_task_13,2.5899897099890077
build_0011,build_0011_task_14,2.030866557582998
build_0011,build_0011_task_15,1.1465091102318556
build_0012,build_0012_task_1,3.8038988966204608
build_0012,build_0012_task_2,4.373498145894464
build_0012,build_0012_task_3,4.889183575616961
build_0012,build_0012_task_4,1.0884476819857392
build_0012,build_0012_task_5,2.167430891226311
build_0012,build_0012_task_6,3.027430470867661
build_0012,build_0012_task_7,1.9360214888142075
build_0012,build_0012_task_8,2.599126551682864
build_0012,build_0012_task_9,1.7036225350438208
build_0012,build_0012_task_10,1.6156349713649552
build_0013,build_0013_task_1,0.7277238131013062
build_0013,build_0013_task_2,4.754232017164485
build_0013,build_0013_task_3,4.388737326630938
build_0013,build_0013_task_4,2.3816063450069445
build_0013,build_0013_task_5,4.832086335077015
build_0013,build_0013_task_6,4.560398721833888
build_0014,build_0014_task_1,4.701881908622322
build_0014,build_0014_task_2,3.7450779296995487
build_0014,build_0014_task_3,1.3542534555051189
build_0014,build_0014_task_4,1.2170408535167194
build_0014,build_0014_task_5,4.981862349929376
build_0014,build_0014_task_6,2.600668029818078
build_0014,build_0014_task_7,4.455840486201883
build_0014,build_0014_task_8,2.7381662287137907
build_0014,build_0014_task_9,0.9052209276970296
build_0014,build_0014_task_10,2.2695898285098375
build_0015,build_0015_task_1,4.85008983748614
build_0015,build_0015_task_2,1.468149901368085
build_0015,build_0015_task_3,2.088027899853599
build_0015,build_0015_task_4,0.7274318208255135
build_0015,build_0015_task_5,2.7270239158632936
build_0015,build_0015_task_6,4.470527643656904
build_0015,build_0015_task_7,3.444170166003277
build_0015,build_0015_task_8,2.6176408401568807
build_0015,build_0015_task_9,2.9151083718001716
build_0015,build_0015_task_10,4.312275644270605
build_0015,build_0015_task_11,2.439174962063932
build_0015,build_0015_task_12,4.471050789133668
build_0016,build_0016_task_1,3.937355438728953
build_0016,build_0016_task_2,2.1467180863290336
build_0016,build_0016_task_3,2.3026172945664047
build_0016,build_0016_task_4,3.0662673974646317
build_0016,build_0016_task_5,1.375948858494736
build_0016,build_0016_task_6,2.9895031697951824
build_0016,build_0016_task_7,0.8308928738427882
build_0016,build_0016_task_8,2.769149881054421
build_0016,build_0016_task_9,3.9398185161825783
build_0016,build_0016_task_10,1.758743049307919
build_0017,build_0017_task_1,3.5617938805348732
build_0017,build_0017_task_2,1.0346495887561529
build_0017,build_0017_task_3,4.887872669362029
build_0017,build_0017_task_4,2.272566707278732
build_0017,build_0017_task_5,4.077037527714256
build_0017,build_0017_task_6,2.0258838497865437
build_0017,build_0017_task_7,4.725268551299189
build_0017,build_0017_task_8,3.8973432753175725
build_0017,build_0017_task_9,1.3957604669860249
build_0017,build_0017_task_10,2.7910513230133196
build_0017,build_0017_task_11,2.7503505660678975
build_0017,build_0017_task_12,0.7038650861018363
build_0017,build_0017_task_13,1.1166636810538417
build_0017,build_0017_task_14,1.9986831740874524
build_0018,build_0018_task_1,2.8369971964988747
build_0018,build_0018_task_2,1.1702329905940019
build_0018,build_0018_task_3,4.519092614351033
build_0018,build_0018_task_4,1.1290144359755985
build_0018,build_0018_task_5,4.691159309884955
build_0018,build_0018_task_6,1.9333851429168818
build_0018,build_0018_task_7,2.268295645399174
build_0018,build_0018_task_8,3.2742521936218223
build_0018,build_0018_task_9,4.291708673138578
build_0018,build_0018_task_10,3.1717609503394404
build_0018,build_0018_task_11,2.7829174379058346
build_0018,build_0018_task_12,2.793713453378746
build_0019,build_0019_task_1,3.6893291289594705
build_0019,build_0019_task_2,1.8490575413183619
build_0019,build_0019_task_3,4.170869749597209
build_0019,build_0019_task_4,2.157610144395963
build_0019,build_0019_task_5,3.5321287661285745
build_0019,build_0019_task_6,4.909541140306228
build_0019,build_0019_task_7,3.1266596383195386
build_0019,build_0019_task_8,4.085396662685662
build_0019,build_0019_task_9,3.763958956483349
build_0019,build_0019_task_10,3.5961964304124727
build_0019,build_0019_task_11,0.6199121973372493
build_0019,build_0019_task_12,2.6356559633827725
build_0020,build_0020_task_1,4.023067961441397
build_0020,build_0020_task_2,3.9927291132743243
build_0020,build_0020_task_3,3.099354781388823
build_0020,build_0020_task_4,3.74630050533338
build_0020,build_0020_task_5,3.1258547467143796
build_0020,build_0020_task_6,1.267304277859967
build_0020,build_0020_task_7,3.3306135851541363
build_0020,build_0020_task_8,3.2888111247549023
build_0020,build_0020_task_9,4.285252062312189
build_0020,build_0020_task_10,1.1649906873514932
build_0020,build_0020_task_11,3.563271027728055
build_0020,build_0020_task_12,0.6420673100394472
build_0020,build_0020_task_13,4.766923268529356
build_0020,build_0020_task_14,0.9945298460016359
build_0020,build_0020_task_15,0.5852181537797565
build_0021,build_0021_task_1,2.384511341761355
build_0021,build_0021_task_2,2.3583204940501687
build_0021,build_0021_task_3,1.4175125721596054
build_0021,build_0021_task_4,2.7581877707494447
build_0021,build_0021_task_5,3.251651269512953
build_0021,build_0021_task_6,2.6222245874083017
build_0021,build_0021_task_7,4.317696476811674
build_0021,build_0021_task_8,3.773309445234133
build_0021,build_0021_task_9,3.6759885446829434
build_0021,build_0021_task_10,2.8340744520205083
build_0022,build_0022_task_1,1.9627229049172465
build_0022,build_0022_task_2,3.480020598714571
build_0022,build_0022_task_3,2.864647181300159
build_0022,build_0022_task_4,1.911886694320177
build_0022,build_0022_task_5,1.2793209073579748
build_0022,build_0022_task_6,4.604558724158046
build_0022,build_0022_task_7,2.0404715795683077
build_0022,build_0022_task_8,2.0942914489016573
build_0022,build_0022_task_9,3.9739540286693336
build_0022,build_0022_task_10,3.744160525972817
build_0022,build_0022_task_11,3.394890949997577
build_0022,build_0022_task_12,3.619909895134194
build_0022,build_0022_task_13,3.245344610354382
build_0023,build_0023_task_1,4.8080182828704725
build_0023,build_0023_task_2,1.755528781647905
build_0023,build_0023_task_3,1.8432462253563229
build_0023,build_0023_task_4,4.736684958473576
build_0023,build_0023_task_5,4.920171334141981
build_0023,build_0023_task_6,3.970284210894395
build_0023,build_0023_task_7,3.672054215764627
build_0023,build_0023_task_8,3.6060796020362313
build_0024,build_0024_task_1,1.9266833525830163
build_0024,build_0024_task_2,2.0696142839058798
build_0024,build_0024_task_3,4.701651686468603
build_0024,build_0024_task_4,4.079324102010501
build_0024,build_0024_task_5,1.7305589153994037
build_0024,build_0024_task_6,1.0484334757972178
build_0024,build_0024_task_7,3.5448001060214556
build_0024,build_0024_task_8,2.208623834184721
build_0024,build_0024_task_9,4.91072241794613
build_0024,build_0024_task_10,4.18269857058753
build_0024,build_0024_task_11,4.795739885261576
build_0024,build_0024_task_12,4.120771252804566
build_0025,build_0025_task_1,0.6892991907472648
build_0025,build_0025_task_2,4.798911729556589
build_0025,build_0025_task_3,0.8556324620443265
build_0025,build_0025_task_4,4.658043343504462
build_0025,build_0025_task_5,3.451874227479084
build_0025,build_0025_task_6,3.863023248731022
build_0025,build_0025_task_7,1.4629406363465338
build_0025,build_0025_task_8,4.225782665786152
build_0025,build_0025_task_9,1.720097248990891
build_0026,build_0026_task_1,3.632770852910702
build_0026,build_0026_task_2,1.1177282966041533
build_0026,build_0026_task_3,3.2705466548652153
build_0026,build_0026_task_4,3.140737243568668
build_0026,build_0026_task_5,1.5910611728462905
build_0026,build_0026_task_6,3.514252842018968
build_0026,build_0026_task_7,2.8896867037975964
build_0026,build_0026_task_8,3.3707505803388695
build_0026,build_0026_task_9,0.7362099807775826
build_0026,build_0026_task_10,2.3598561472171635
build_0026,build_0026_task_11,3.7281112531260963
build_0026,build_0026_task_12,0.9524520714980655
build_0026,build_0026_task_13,3.968447261442256
build_0027,build_0027_task_1,4.8403344525142495
build_0027,build_0027_task_2,4.900598203248892
build_0027,build_0027_task_3,1.2107348429492375
build_0027,build_0027_task_4,3.4380175896558494
build_0027,build_0027_task_5,4.462913557535397
build_0028,build_0028_task_1,2.648518341984034
build_0028,build_0028_task_2,1.3975518860042075
build_0028,build_0028_task_3,4.837613175009211
build_0028,build_0028_task_4,1.94525465953625
build_0028,build_0028_task_5,3.4065406305062145
build_0028,build_0028_task_6,4.585716314310301
build_0028,build_0028_task_7,0.9025732423018235
build_0028,build_0028_task_8,3.0836000892891797
build_0028,build_0028_task_9,2.908185246021221
build_0028,build_0028_task_10,3.754029552090905
build_0028,build_0028_task_11,4.715012208877817
build_0028,build_0028_task_12,4.609533765514336
build_0029,build_0029_task_1,2.380482420102524
build_0029,build_0029_task_2,4.269222000919648
build_0029,build_0029_task_3,4.702651747601901
build_0029,build_0029_task_4,0.6635293214564998
build_0029,build_0029_task_5,4.262914391506281
build_0029,build_0029_task_6,4.045822834441271
build_0029,build_0029_task_7,1.3384023436512
build_0030,build_0030_task_1,4.445344255630655
build_0030,build_0030_task_2,0.541702258160449
build_0030,build_0030_task_3,3.0558284089902292
build_0030,build_0030_task_4,0.9828531084809209
build_0030,build_0030_task_5,4.923472497669529
build_0030,build_0030_task_6,1.780527435575208
build_0030,build_0030_task_7,4.950947615399255
build_0030,build_0030_task_8,2.9448521760063873
build_0030,build_0030_task_9,2.722605891538186
build_0031,build_0031_task_1,4.329768823600984
build_0031,build_0031_task_2,2.6060934605283053
build_0031,build_0031_task_3,1.367651292232144
build_0031,build_0031_task_4,1.006910424590695
build_0031,build_0031_task_5,1.2312241814288238
build_0031,build_0031_task_6,2.5651151196456254
build_0031,build_0031_task_7,1.657691961032836
build_0032,build_0032_task_1,0.5633788802830914
build_0032,build_0032_task_2,2.0170048069838766
build_0032,build_0032_task_3,1.827609159462269
build_0032,build_0032_task_4,3.5348051295263496
build_0032,build_0032_task_5,1.3692257947454385
build_0032,build_0032_task_6,3.2492952484835627
build_0032,build_0032_task_7,3.374266073381099
build_0033,build_0033_task_1,4.221454213743393
build_0033,build_0033_task_2,2.8187629653190815
build_0033,build_0033_task_3,0.8903199643176016
build_0033,build_0033_task_4,3.5116513403447938
build_0033,build_0033_task_5,1.3315154047130298
build_0033,build_0033_task_6,1.1327534403543429
build_0033,build_0033_task_7,1.9562075153828724
build_0033,build_0033_task_8,1.6162118765021525
build_0033,build_0033_task_9,1.6735337467944973
build_0033,build_0033_task_10,1.5598456376069025
build_0033,build_0033_task_11,3.8919049330165567
build_0034,build_0034_task_1,1.8587562786122662
build_0034,build_0034_task_2,3.7529713778044886
build_0034,build_0034_task_3,0.551460803873756
build_0034,build_0034_task_4,3.4415751518158944
build_0034,build_0034_task_5,3.617458656902325
build_0034,build_0034_task_6,0.7795594931024126
build_0034,build_0034_task_7,1.0320118151178765
build_0034,build_0034_task_8,1.8806285390162891
build_0034,build_0034_task_9,2.324374758357788
build_0034,build_0034_task_10,2.761342120572753
build_0035,build_0035_task_1,3.606306698384664
build_0035,build_0035_task_2,3.374200963397225
build_0035,build_0035_task_3,4.732860306856551
build_0035,build_0035_task_4,2.153947563959766
build_0035,build_0035_task_5,1.493821579859247
build_0035,build_0035_task_6,4.80812241584852
build_0035,build_0035_task_7,2.651818548808508
build_0035,build_0035_task_8,2.547404027468016
build_0035,build_0035_task_9,4.94977082852889
build_0036,build_0036_task_1,2.3713052694405112
build_0036,build_0036_task_2,2.9715552896826414
build_0036,build_0036_task_3,2.618726345956902
build_0036,build_0036_task_4,2.918829594619404
build_0036,build_0036_task_5,3.488424977028487
build_0036,build_0036_task_6,1.4828523019579667
build_0036,build_0036_task_7,1.6135944318885997
build_0036,build_0036_task_8,3.896327973761894
build_0036,build_0036_task_9,4.4291077631948
build_0036,build_0036_task_10,0.8684163791297369
build_0037,build_0037_task_1,2.87677905832937
build_0037,build_0037_task_2,2.128031908359097
build_0037,build_0037_task_3,4.6276011805143895
build_0037,build_0037_task_4,1.0049395619177162
build_0037,build_0037_task_5,4.229483242812913
build_0037,build_0037_task_6,4.562996721079139
build_0037,build_0037_task_7,1.4097055053499155
build_0037,build_0037_task_8,2.914970712172506
build_0037,build_0037_task_9,1.2404172046223976
build_0037,build_0037_task_10,4.34518703327728
build_0037,build_0037_task_11,2.488282486968339
build_0037,build_0037_task_12,3.561328570725818
build_0038,build_0038_task_1,2.6997258507403536
build_0038,build_0038_task_2,4.545002082710631
build_0038,build_0038_task_3,2.504672114842492
build_0038,build_0038_task_4,0.7503611262175837
build_0038,build_0038_task_5,1.0937495291949455
build_0038,build_0038_task_6,2.369410582300969
build_0038,build_0038_task_7,3.0376003329442103
build_0038,build_0038_task_8,3.0145873954944484
build_0038,build_0038_task_9,3.527454705023162
build_0038,build_0038_task_10,1.8867630381491804
build_0038,build_0038_task_11,0.5979670605195253
build_0038,build_0038_task_12,1.645057485804256
build_0038,build_0038_task_13,0.5135696221598993
build_0038,build_0038_task_14,1.480555889028316
build_0039,build_0039_task_1,0.7038041122752295
build_0039,build_0039_task_2,2.0503798995296054
build_0039,build_0039_task_3,0.7869196045043745
build_0039,build_0039_task_4,4.97355647214614
build_0039,build_0039_task_5,4.705622594982259
build_0039,build_0039_task_6,0.8105861577214121
build_0040,build_0040_task_1,0.6428069196038557
build_0040,build_0040_task_2,2.3399012111866173
build_0040,build_0040_task_3,3.9603742816256724
build_0040,build_0040_task_4,3.946224573156703
build_0040,build_0040_task_5,4.902499782158454
build_0040,build_0040_task_6,3.4064636814372355
build_0040,build_0040_task_7,2.3916287249704755
build_0040,build_0040_task_8,4.967854693613956
build_0040,build_0040_task_9,2.221158284831174
build_0040,build_0040_task_10,4.413291283898188
build_0040,build_0040_task_11,4.580452901860577
build_0040,build_0040_task_12,2.190404902108944
build_0041,build_0041_task_1,4.838649693713087
build_0041,build_0041_task_2,4.435491747609162
build_0041,build_0041_task_3,1.09845412851053
build_0041,build_0041_task_4,4.371289615072046
build_0041,build_0041_task_5,1.0338492527837402
build_0041,build_0041_task_6,4.967810492349141
build_0041,build_0041_task_7,2.2687638430281836
build_0041,build_0041_task_8,1.0730618929517386
build_0041,build_0041_task_9,4.904259696618512
build_0041,build_0041_task_10,4.25669725250922
build_0041,build_0041_task_11,3.902807366865195
build_0041,build_0041_task_12,4.903208072056126
build_0041,build_0041_task_13,2.5835175553765097
build_0041,build_0041_task_14,3.735922887548834
build_0041,build_0041_task_15,2.408576133800307
build_0042,build_0042_task_1,4.20512196819103
build_0042,build_0042_task_2,1.61380417326699
build_0042,build_0042_task_3,2.0577188074443207
build_0042,build_0042_task_4,1.7404237750780729
build_0042,build_0042_task_5,4.718346625107801
build_0042,build_0042_task_6,3.762607756590133
build_0042,build_0042_task_7,1.007800874449148
build_0042,build_0042_task_8,4.142651825926375
build_0042,build_0042_task_9,2.386582693212884
build_0042,build_0042_task_10,3.947240603812565
build_0042,build_0042_task_11,4.476904798304185
build_0043,build_0043_task_1,1.5829983236444538
build_0043,build_0043_task_2,0.8028090630027291
build_0043,build_0043_task_3,3.172748663657108
build_0043,build_0043_task_4,2.5089847981187106
build_0043,build_0043_task_5,3.5241063659249856
build_0044,build_0044_task_1,1.6013036804827663
build_0044,build_0044_task_2,0.6990652852519902
build_0044,build_0044_task_3,2.4753326516935727
build_0044,build_0044_task_4,2.9289191400834276
build_0044,build_0044_task_5,3.8947356893627796
build_0045,build_0045_task_1,1.1306100880170706
build_0045,build_0045_task_2,4.970675485593717
build_0045,build_0045_task_3,1.553726827137456
build_0045,build_0045_task_4,4.623786649047052
build_0045,build_0045_task_5,3.0924965101112916
build_0046,build_0046_task_1,3.1906295342476807
build_0046,build_0046_task_2,3.5263935564661115
build_0046,build_0046_task_3,1.9429930192684242
build_0046,build_0046_task_4,1.8579399581489147
build_0046,build_0046_task_5,1.144671953734979
build_0046,build_0046_task_6,3.4709559071483445
build_0046,build_0046_task_7,1.4946923320071466
build_0046,build_0046_task_8,1.8522542919083882
build_0046,build_0046_task_9,0.7743093669804297
build_0046,build_0046_task_10,4.768341147620246
build_0046,build_0046_task_11,4.458712509337474
build_0046,build_0046_task_12,4.60209949529245
build_0046,build_0046_task_13,3.316969119417485
build_0046,build_0046_task_14,2.4224026203254456
build_0047,build_0047_task_1,0.7109784362860474
build_0047,build_0047_task_2,2.0498667339767427
build_0047,build_0047_task_3,3.3949222938793997
build_0047,build_0047_task_4,2.215195846081679
build_0047,build_0047_task_5,2.8600837695174293
build_0047,build_0047_task_6,3.633387832890904
build_0047,build_0047_task_7,2.337166295733148
build_0047,build_0047_task_8,1.849498224959305
build_0047,build_0047_task_9,1.327455404362622
build_0047,build_0047_task_10,2.9206771897586785
build_0047,build_0047_task_11,1.5843568505498333
build_0047,build_0047_task_12,1.5140504677095552
build_0048,build_0048_task_1,4.125992719706991
build_0048,build_0048_task_2,4.616335282171574
build_0048,build_0048_task_3,3.0307367731410912
build_0048,build_0048_task_4,4.85503784845982
build_0048,build_0048_task_5,3.007790411896729
build_0048,build_0048_task_6,1.103417379765851
build_0048,build_0048_task_7,1.5928633224031359
build_0049,build_0049_task_1,1.9861834713084723
build_0049,build_0049_task_2,0.8558169502766241
build_0049,build_0049_task_3,2.524040716231616
build_0049,build_0049_task_4,2.1698487208492154
build_0049,build_0049_task_5,2.9103599135624703
build_0049,build_0049_task_6,4.232328283467645
build_0049,build_0049_task_7,0.7319148310130621
build_0049,build_0049_task_8,2.197255887326029
build_0050,build_0050_task_1,3.2131492024508415
build_0050,build_0050_task_2,4.431292063202928
build_0050,build_0050_task_3,1.346734822697399
build_0050,build_0050_task_4,3.9276338789174448
build_0050,build_0050_task_5,3.759373579334671
build_0050,build_0050_task_6,3.0148271432263725
build_0050,build_0050_task_7,2.6572739291191168
build_0050,build_0050_task_8,4.41263233186042
build_0050,build_0050_task_9,1.9983393986846958
build_0050,build_0050_task_10,4.806588922370029
build_0050,build_0050_task_11,0.5690016780282178
build_0050,build_0050_task_12,4.7172189344101145
build_0050,build_0050_task_13,4.829349002515065
build_0050,build_0050_task_14,1.0279228974950052
build_0051,build_0051_task_1,4.614985835490147
build_0051,build_0051_task_2,3.630318285672418
build_0051,build_0051_task_3,3.666958622040667
build_0051,build_0051_task_4,2.2848442689930577
build_0051,build_0051_task_5,1.5769893153336407
build_0051,build_0051_task_6,1.9472675397233101
build_0051,build_0051_task_7,1.7737663888408082
build_0051,build_0051_task_8,2.5981270738052245
build_0051,build_0051_task_9,3.419246029978007
build_0051,build_0051_task_10,1.8879002792911774
build_0051,build_0051_task_11,2.118400780913788
build_0051,build_0051_task_12,4.4726537856291815
build_0052,build_0052_task_1,0.9437370420446602
build_0052,build_0052_task_2,4.915933055809595
build_0052,build_0052_task_3,2.612706899101513
build_0052,build_0052_task_4,4.278790317036582
build_0052,build_0052_task_5,4.614487245038701
build_0052,build_0052_task_6,2.168172146440663
build_0052,build_0052_task_7,2.3626857676038107
build_0052,build_0052_task_8,3.0313612735895945
build_0052,build_0052_task_9,1.4957334424230135
build_0052,build_0052_task_10,1.1566522089614686
build_0052,build_0052_task_11,1.6734834945939632
build_0052,build_0052_task_12,4.706412126333591
build_0053,build_0053_task_1,3.740053719871501
build_0053,build_0053_task_2,1.8283652937848218
build_0053,build_0053_task_3,1.382863022270752
build_0053,build_0053_task_4,1.5350838170146863
build_0053,build_0053_task_5,3.0640528071681574
build_0053,build_0053_task_6,1.6057850736890484
build_0053,build_0053_task_7,2.9778913963268385
build_0053,build_0053_task_8,4.745590452714337
build_0053,build_0053_task_9,2.019039278164285
build_0053,build_0053_task_10,3.9351228154984392
build_0053,build_0053_task_11,2.698794952402168
build_0053,build_0053_task_12,3.7560107587845994
build_0053,build_0053_task_13,3.8281734079694756
build_0053,build_0053_task_14,2.5737304930169236
build_0054,build_0054_task_1,1.2616956988708177
build_0054,build_0054_task_2,3.7414108884294217
build_0054,build_0054_task_3,2.6974234456435955
build_0054,build_0054_task_4,4.626047253624651
build_0054,build_0054_task_5,2.939615849081098
build_0054,build_0054_task_6,3.3881425843206494
build_0054,build_0054_task_7,0.7642942321132856
build_0054,build_0054_task_8,0.6522069072411074
build_0054,build_0054_task_9,4.310138224322251
build_0054,build_0054_task_10,4.753346500404042
build_0055,build_0055_task_1,0.7183147738838551
build_0055,build_0055_task_2,0.528727209983505
build_0055,build_0055_task_3,1.1187118872363206
build_0055,build_0055_task_4,3.338157415698843
build_0055,build_0055_task_5,0.8058557374944019
build_0055,build_0055_task_6,1.1796334090913576
build_0055,build_0055_task_7,1.4842385260447717
build_0055,build_0055_task_8,2.5520434653714528
build_0055,build_0055_task_9,0.772025535108585
build_0055,build_0055_task_10,3.3697786629229505
build_0055,build_0055_task_11,4.702566744941004
build_0055,build_0055_task_12,4.607381546306749
build_0055,build_0055_task_13,3.4667795389543823
build_0055,build_0055_task_14,0.5707929509114888
build_0055,build_0055_task_15,2.8949561825573147
build_0056,build_0056_task_1,0.553329356575516
build_0056,build_0056_task_2,2.882379410787428
build_0056,build_0056_task_3,1.736333317390244
build_0056,build_0056_task_4,4.898657067046303
build_0056,build_0056_task_5,0.5771416892109225
build_0056,build_0056_task_6,4.159207494112595
build_0056,build_0056_task_7,3.5331482845364466
build_0056,build_0056_task_8,4.12775464526343
build_0056,build_0056_task_9,4.593980146994448
build_0056,build_0056_task_10,0.9815739291252181
build_0056,build_0056_task_11,0.9334125061313381
build_0057,build_0057_task_1,1.584359745410787
build_0057,build_0057_task_2,3.2890137908537085
build_0057,build_0057_task_3,1.635881883416062
build_0057,build_0057_task_4,2.0949849538725713
build_0057,build_0057_task_5,4.0772134943756
build_0057,build_0057_task_6,0.8555865971649592
build_0057,build_0057_task_7,4.816840073668385
build_0058,build_0058_task_1,3.042509821015861
build_0058,build_0058_task_2,4.956048642378773
build_0058,build_0058_task_3,1.5163576368233997
build_0058,build_0058_task_4,3.5781873146167347
build_0058,build_0058_task_5,4.31540195914191
build_0058,build_0058_task_6,3.441810738016189
build_0058,build_0058_task_7,4.361986215595342
build_0058,build_0058_task_8,3.9181363257958015
build_0058,build_0058_task_9,0.9207522744219924
build_0058,build_0058_task_10,2.2066881000791714
build_0058,build_0058_task_11,2.987156477883629
build_0058,build_0058_task_12,0.7525172260803457
build_0059,build_0059_task_1,3.6628031750859775
build_0059,build_0059_task_2,0.8720875512761079
build_0059,build_0059_task_3,4.303984075431476
build_0059,build_0059_task_4,3.402082588744859
build_0059,build_0059_task_5,1.9907177764650792
build_0060,build_0060_task_1,4.526560454642149
build_0060,build_0060_task_2,4.636184969480953
build_0060,build_0060_task_3,1.5339492369545753
build_0060,build_0060_task_4,4.555728315610632
build_0060,build_0060_task_5,3.615294706031638
build_0060,build_0060_task_6,3.0505286614578315
build_0061,build_0061_task_1,0.7095288683378448
build_0061,build_0061_task_2,0.8345662696654299
build_0061,build_0061_task_3,4.665131645364155
build_0061,build_0061_task_4,4.546902428892539
build_0061,build_0061_task_5,3.0357943882159257
build_0061,build_0061_task_6,0.6480580106906235
build_0061,build_0061_task_7,4.679448625645967
build_0061,build_0061_task_8,1.9151811195199293
build_0061,build_0061_task_9,4.826611354442027
build_0062,build_0062_task_1,1.1488620257760962
build_0062,build_0062_task_2,4.193108336681137
build_0062,build_0062_task_3,4.1940607450331155
build_0062,build_0062_task_4,4.679937231139978
build_0062,build_0062_task_5,1.8467460031138814
build_0062,build_0062_task_6,3.037811898306942
build_0062,build_0062_task_7,3.0501316395098526
build_0062,build_0062_task_8,4.322490913802421
build_0062,build_0062_task_9,3.546657346445068
build_0062,build_0062_task_10,2.9325309395252486
build_0062,build_0062_task_11,2.2273079633730775
build_0062,build_0062_task_12,3.828853269143236
build_0062,build_0062_task_13,4.0572413835536745
build_0062,build_0062_task_14,3.6018974353278876
build_0063,build_0063_task_1,2.753567832369763
build_0063,build_0063_task_2,4.884454973461984
build_0063,build_0063_task_3,0.7416339437632712
build_0063,build_0063_task_4,2.4668971377957463
build_0063,build_0063_task_5,4.274035959259287
build_0063,build_0063_task_6,2.0326673591379767
build_0064,build_0064_task_1,4.796862786115996
build_0064,build_0064_task_2,2.285163721890318
build_0064,build_0064_task_3,3.980997122590951
build_0064,build_0064_task_4,0.633315465253243
build_0064,build_0064_task_5,1.7299716288295879
build_0064,build_0064_task_6,4.966636453028588
build_0064,build_0064_task_7,2.70771555249857
build_0064,build_0064_task_8,2.1011503896763157
build_0064,build_0064_task_9,4.735142802368264
build_0064,build_0064_task_10,2.443315758077951
build_0064,build_0064_task_11,3.558626861396715
build_0064,build_0064_task_12,3.4730235838169397
build_0064,build_0064_task_13,0.8856235293653107
build_0064,build_0064_task_14,3.2837715061694954
build_0065,build_0065_task_1,3.7089883970527358
build_0065,build_0065_task_2,0.8691710435291685
build_0065,build_0065_task_3,1.193994337394833
build_0065,build_0065_task_4,3.702547196503775
build_0065,build_0065_task_5,3.352553968833729
build_0065,build_0065_task_6,3.8284488003946757
build_0065,build_0065_task_7,1.9250520290669129
build_0065,build_0065_task_8,0.9794791297006751
build_0066,build_0066_task_1,4.743321023041036
build_0066,build_0066_task_2,2.5013113924833292
build_0066,build_0066_task_3,3.9260592104043734
build_0066,build_0066_task_4,0.9600413635096064
build_0066,build_0066_task_5,0.8928375455980224
build_0067,build_0067_task_1,2.5197965465965315
build_0067,build_0067_task_2,2.9963300027399047
build_0067,build_0067_task_3,2.336198787874119
build_0067,build_0067_task_4,0.6181785680598374
build_0067,build_0067_task_5,2.092614293053665
build_0067,build_0067_task_6,0.9187891720694337
build_0067,build_0067_task_7,3.191197090074228
build_0067,build_0067_task_8,1.959936487575857
build_0067,build_0067_task_9,2.2335706282819263
build_0067,build_0067_task_10,1.8133130808334446
build_0067,build_0067_task_11,2.2450980172027717
build_0068,build_0068_task_1,3.761797298156561
build_0068,build_0068_task_2,3.017914455931142
build_0068,build_0068_task_3,4.967285900576255
build_0068,build_0068_task_4,1.5923413416282974
build_0068,build_0068_task_5,2.844970388435745
build_0068,build_0068_task_6,3.5839219630755044
build_0069,build_0069_task_1,1.1247802653173755
build_0069,build_0069_task_2,1.8550906941878094
build_0069,build_0069_task_3,2.719057739948531
build_0069,build_0069_task_4,0.7847021762462948
build_0069,build_0069_task_5,2.4560432116823523
build_0069,build_0069_task_6,2.3949605289763594
build_0069,build_0069_task_7,2.6790409127026784
build_0070,build_0070_task_1,2.1250621053028764
build_0070,build_0070_task_2,4.749000330341274
build_0070,build_0070_task_3,3.744047536050167
build_0070,build_0070_task_4,2.7311109652528818
build_0070,build_0070_task_5,3.2750095641610546
build_0070,build_0070_task_6,2.5603773480756256
build_0071,build_0071_task_1,1.8709609808806564
build_0071,build_0071_task_2,4.769705580775543
build_0071,build_0071_task_3,1.9949774689023214
build_0071,build_0071_task_4,3.290864845436102
build_0071,build_0071_task_5,4.118344078808221
build_0071,build_0071_task_6,1.982937723256671
build_0071,build_0071_task_7,2.0063130068613066
build_0072,build_0072_task_1,4.884014194270731
build_0072,build_0072_task_2,1.1125601221021917
build_0072,build_0072_task_3,1.9429931991878946
build_0072,build_0072_task_4,4.762755149072523
build_0072,build_0072_task_5,1.4038316991593227
build_0072,build_0072_task_6,1.9138247653794862
build_0072,build_0072_task_7,4.840585803926572
build_0072,build_0072_task_8,4.8592634978601295
build_0072,build_0072_task_9,1.8115166821102395
build_0072,build_0072_task_10,3.6273099545244953
build_0072,build_0072_task_11,2.7095329080144603
build_0072,build_0072_task_12,3.0914567673123226
build_0072,build_0072_task_13,1.590909335512579
build_0072,build_0072_task_14,2.192248860458662
build_0072,build_0072_task_15,4.174225319448109
build_0073,build_0073_task_1,2.1425699182785687
build_0073,build_0073_task_2,4.694302186648006
build_0073,build_0073_task_3,1.3991002191977324
build_0073,build_0073_task_4,4.987692165787003
build_0073,build_0073_task_5,1.3096724567391487
build_0073,build_0073_task_6,3.9542805848676426
build_0073,build_0073_task_7,0.621122489039009
build_0073,build_0073_task_8,3.7724601371385154
build_0073,build_0073_task_9,4.743387119380025
build_0073,build_0073_task_10,1.4434177836257758
build_0073,build_0073_task_11,4.089584844641315
build_0074,build_0074_task_1,4.185345056020063
build_0074,build_0074_task_2,4.080455761981795
build_0074,build_0074_task_3,2.3411371561020564
build_0074,build_0074_task_4,2.746864468800321
build_0074,build_0074_task_5,3.350012178441486
build_0074,build_0074_task_6,1.5890952545185948
build_0075,build_0075_task_1,1.1936445550513544
build_0075,build_0075_task_2,2.4040757980260654
build_0075,build_0075_task_3,2.1964586811724534
build_0075,build_0075_task_4,2.5208002437513524
build_0075,build_0075_task_5,3.190702346388669
build_0075,build_0075_task_6,3.1200980864735164
build_0075,build_0075_task_7,2.904653305409527
build_0075,build_0075_task_8,4.65573089302901
build_0075,build_0075_task_9,4.413351760154142
build_0075,build_0075_task_10,2.3823531154275193
build_0075,build_0075_task_11,0.6654432383048839
build_0075,build_0075_task_12,4.857926183327158
build_0075,build_0075_task_13,3.6573542917501687
build_0075,build_0075_task_14,4.155336390555478
build_0075,build_0075_task_15,3.172189745096949
build_0076,build_0076_task_1,0.9921624135992912
build_0076,build_0076_task_2,1.6170393598020627
build_0076,build_0076_task_3,3.491122492384461
build_0076,build_0076_task_4,1.2485232197605018
build_0076,build_0076_task_5,3.257050560409837
build_0076,build_0076_task_6,3.034491314934469
build_0077,build_0077_task_1,3.5486235313888352
build_0077,build_0077_task_2,2.2982798580128705
build_0077,build_0077_task_3,3.887072499783226
build_0077,build_0077_task_4,4.845725499712227
build_0077,build_0077_task_5,2.43704994750582
build_0077,build_0077_task_6,0.5474649775306099
build_0077,build_0077_task_7,1.6643226668164495
build_0077,build_0077_task_8,2.798043082362701
build_0077,build_0077_task_9,2.834589950822073
build_0077,build_0077_task_10,3.1123323298580186
build_0077,build_0077_task_11,3.0885592922169174
build_0077,build_0077_task_12,2.50600348177208
build_0077,build_0077_task_13,2.2601037590487625
build_0077,build_0077_task_14,3.975540046080944
build_0077,build_0077_task_15,3.1486548044306626
build_0078,build_0078_task_1,1.1783521961596102
build_0078,build_0078_task_2,4.989662264365941
build_0078,build_0078_task_3,2.6724698802118905
build_0078,build_0078_task_4,1.8294449923328266
build_0078,build_0078_task_5,4.642463951019759
build_0078,build_0078_task_6,0.8863465973907112
build_0078,build_0078_task_7,4.240929851182123
build_0078,build_0078_task_8,3.785678253602522
build_0078,build_0078_task_9,2.0674789354466387
build_0078,build_0078_task_10,2.0438000637963176
build_0078,build_0078_task_11,4.029214988879136
build_0078,build_0078_task_12,2.8450167341021224
build_0078,build_0078_task_13,2.0673513348604096
build_0079,build_0079_task_1,2.471746722228622
build_0079,build_0079_task_2,3.6354346948564973
build_0079,build_0079_task_3,1.935092633979652
build_0079,build_0079_task_4,1.8511883743187314
build_0079,build_0079_task_5,4.145836716134141
build_0079,build_0079_task_6,1.0178837001445367
build_0080,build_0080_task_1,3.415864627749712
build_0080,build_0080_task_2,3.547126998008978
build_0080,build_0080_task_3,1.2395934178281647
build_0080,build_0080_task_4,4.9275521176472505
build_0080,build_0080_task_5,1.5976082594839671
build_0080,build_0080_task_6,1.2850395477086027
build_0080,build_0080_task_7,1.220610700469117
build_0080,build_0080_task_8,3.019320286204384
build_0080,build_0080_task_9,4.813081797802774
build_0080,build_0080_task_10,1.5433499633513466
build_0081,build_0081_task_1,3.3339214349540547
build_0081,build_0081_task_2,1.3387411637764788
build_0081,build_0081_task_3,3.4578856002137437
build_0081,build_0081_task_4,2.28012070157651
build_0081,build_0081_task_5,3.818247662957617
build_0081,build_0081_task_6,4.4739381848868724
build_0081,build_0081_task_7,2.5230875511833593
build_0081,build_0081_task_8,2.4329877849650456
build_0081,build_0081_task_9,0.5200251949676143
build_0081,build_0081_task_10,1.466582472816334
build_0081,build_0081_task_11,1.752551737319415
build_0082,build_0082_task_1,3.098065573408337
build_0082,build_0082_task_2,4.097760605990194
build_0082,build_0082_task_3,2.9160005475678985
build_0082,build_0082_task_4,2.1460686323563163
build_0082,build_0082_task_5,1.3868342381639547
build_0082,build_0082_task_6,1.0127973681732287
build_0083,build_0083_task_1,4.381864463557883
build_0083,build_0083_task_2,2.874717588325022
build_0083,build_0083_task_3,3.3759886354976776
build_0083,build_0083_task_4,3.1863687317734706
build_0083,build_0083_task_5,3.2508878951255085
build_0083,build_0083_task_6,3.141521215543481
build_0083,build_0083_task_7,2.065660868465395
build_0083,build_0083_task_8,4.304830112013017
build_0083,build_0083_task_9,3.2781320570139125
build_0083,build_0083_task_10,4.161822144174202
build_0083,build_0083_task_11,3.6769476242569104
build_0083,build_0083_task_12,1.8385017561470836
build_0083,build_0083_task_13,3.265180320708138
build_0083,build_0083_task_14,0.8813838588036251
build_0083,build_0083_task_15,1.102764963428198
build_0084,build_0084_task_1,1.5735772689745575
build_0084,build_0084_task_2,1.0262700678683838
build_0084,build_0084_task_3,2.1798773193393974
build_0084,build_0084_task_4,1.136113444706141
build_0084,build_0084_task_5,2.248084711894959
build_0084,build_0084_task_6,3.183916178497693
build_0085,build_0085_task_1,2.2266948327695912
build_0085,build_0085_task_2,1.3358916468174453
build_0085,build_0085_task_3,3.3597573892638586
build_0085,build_0085_task_4,3.6204481693820987
build_0085,build_0085_task_5,3.403670427859777
build_0085,build_0085_task_6,4.999547986533914
build_0085,build_0085_task_7,2.9971065912462382
build_0085,build_0085_task_8,2.70338911786494
build_0085,build_0085_task_9,1.1313344079400867
build_0085,build_0085_task_10,1.9156100659737993
build_0085,build_0085_task_11,2.5295043683599303
build_0085,build_0085_task_12,0.7412506818387656
build_0085,build_0085_task_13,2.1156762747711597
build_0085,build_0085_task_14,0.5431254780347655
build_0086,build_0086_task_1,1.3780782123541213
build_0086,build_0086_task_2,2.227748791405789
build_0086,build_0086_task_3,3.02711934800797
build_0086,build_0086_task_4,3.4388139227581345
build_0086,build_0086_task_5,2.3411045676554365
build_0086,build_0086_task_6,2.7127664601082873
build_0086,build_0086_task_7,3.6956406778060873
build_0087,build_0087_task_1,2.6991478037285854
build_0087,build_0087_task_2,0.872017816039101
build_0087,build_0087_task_3,0.6388731753935216
build_0087,build_0087_task_4,3.924754783454409
build_0087,build_0087_task_5,1.8144045930141797
build_0087,build_0087_task_6,1.7368381322309028
build_0087,build_0087_task_7,2.9192387819216874
build_0087,build_0087_task_8,1.2569403984645817
build_0087,build_0087_task_9,2.557946242730521
build_0087,build_0087_task_10,3.8413321336840416
build_0087,build_0087_task_11,3.946637997246608
build_0087,build_0087_task_12,2.973767830421231
build_0088,build_0088_task_1,3.077213242753818
build_0088,build_0088_task_2,1.7055000922680539
build_0088,build_0088_task_3,2.943977819418703
build_0088,build_0088_task_4,4.959021290025696
build_0088,build_0088_task_5,2.939195206029334
build_0088,build_0088_task_6,3.9055380909684843
build_0089,build_0089_task_1,2.9585897362488405
build_0089,build_0089_task_2,4.9539907754450745
build_0089,build_0089_task_3,0.9608739749487423
build_0089,build_0089_task_4,4.2353182244414285
build_0089,build_0089_task_5,3.881054726346525
build_0089,build_0089_task_6,1.8396902079630215
build_0089,build_0089_task_7,4.996907011755085
build_0089,build_0089_task_8,2.523795542736862
build_0089,build_0089_task_9,2.0685963957004123
build_0089,build_0089_task_10,4.175278633023973
build_0089,build_0089_task_11,2.475814565224998
build_0089,build_0089_task_12,4.972809579433777
build_0090,build_0090_task_1,1.4444517541539832
build_0090,build_0090_task_2,3.819258419019412
build_0090,build_0090_task_3,3.601101142002931
build_0090,build_0090_task_4,4.374719133216089
build_0090,build_0090_task_5,3.246178111787646
build_0090,build_0090_task_6,2.426751775644103
build_0090,build_0090_task_7,3.2726803990196984
build_0090,build_0090_task_8,4.031821894867631
build_0091,build_0091_task_1,4.124482220166253
build_0091,build_0091_task_2,3.0653345516224926
build_0091,build_0091_task_3,2.895263588166852
build_0091,build_0091_task_4,3.1858595864806953
build_0091,build_0091_task_5,1.2576981407138796
build_0091,build_0091_task_6,4.905500703813448
build_0091,build_0091_task_7,1.8168561406582562
build_0091,build_0091_task_8,3.0773101091611665
build_0092,build_0092_task_1,4.934697360178074
build_0092,build_0092_task_2,3.5568469216548952
build_0092,build_0092_task_3,0.9285132371645424
build_0092,build_0092_task_4,4.8324739774720635
build_0092,build_0092_task_5,4.035609717310837
build_0092,build_0092_task_6,4.634459203234214
build_0092,build_0092_task_7,4.966188015401035
build_0092,build_0092_task_8,4.4017141569520035
build_0092,build_0092_task_9,1.070996758762146
build_0092,build_0092_task_10,4.397354577460206
build_0092,build_0092_task_11,1.623547588721629
build_0092,build_0092_task_12,3.7012768197762607
build_0092,build_0092_task_13,4.228168112143846
build_0093,build_0093_task_1,2.267153376359971
build_0093,build_0093_task_2,1.1397723488391553
build_0093,build_0093_task_3,3.3458089210780497
build_0093,build_0093_task_4,3.3251576935053833
build_0093,build_0093_task_5,2.1882754753080214
build_0093,build_0093_task_6,0.8398232299933204
build_0093,build_0093_task_7,4.075693838004491
build_0093,build_0093_task_8,3.9599790567079673
build_0093,build_0093_task_9,2.312828479858194
build_0093,build_0093_task_10,3.874110722929355
build_0093,build_0093_task_11,3.6261662707739504
build_0093,build_0093_task_12,4.447928105747851
build_0093,build_0093_task_13,2.546130420834894
build_0093,build_0093_task_14,2.6962001619696743
build_0093,build_0093_task_15,3.1187999510104123
build_0094,build_0094_task_1,3.7891937186917386
build_0094,build_0094_task_2,2.5630216550587295
build_0094,build_0094_task_3,3.4886471937432915
build_0094,build_0094_task_4,2.1120022820344424
build_0094,build_0094_task_5,0.784988087270786
build_0094,build_0094_task_6,2.9049100897440416
build_0095,build_0095_task_1,4.856578610341206
build_0095,build_0095_task_2,4.2118144143621
build_0095,build_0095_task_3,2.7262172639996987
build_0095,build_0095_task_4,1.9528931731547883
build_0095,build_0095_task_5,1.7761688420168917
build_0095,build_0095_task_6,2.9628974095039173
build_0095,build_0095_task_7,1.087674126383956
build_0095,build_0095_task_8,4.335901593297873
build_0096,build_0096_task_1,4.523695961173502
build_0096,build_0096_task_2,3.930143100901258
build_0096,build_0096_task_3,0.7067431654638521
build_0096,build_0096_task_4,3.317807849701523
build_0096,build_0096_task_5,4.265159804881497
build_0096,build_0096_task_6,0.5732660856773499
build_0096,build_0096_task_7,4.682447939063849
build_0096,build_0096_task_8,1.210925817383727
build_0096,build_0096_task_9,2.554331611864579
build_0096,build_0096_task_10,4.963272074693016
build_0097,build_0097_task_1,1.4104319287882987
build_0097,build_0097_task_2,3.5986634686017966
build_0097,build_0097_task_3,1.093608893228061
build_0097,build_0097_task_4,3.424987397032937
build_0097,build_0097_task_5,1.2153985830761873
build_0097,build_0097_task_6,4.697265032266659
build_0097,build_0097_task_7,1.7330875614287697
build_0097,build_0097_task_8,3.4456458398845733
build_0097,build_0097_task_9,1.6267517534709899
build_0097,build_0097_task_10,2.173296954410446
build_0097,build_0097_task_11,4.567101209760461
build_0098,build_0098_task_1,0.7330427377189475
build_0098,build_0098_task_2,3.3152192337422934
build_0098,build_0098_task_3,3.7669476356170035
build_0098,build_0098_task_4,3.8985447068039125
build_0098,build_0098_task_5,2.43153923339906
build_0098,build_0098_task_6,0.9103963424760191
build_0098,build_0098_task_7,0.9283265509075547
build_0099,build_0099_task_1,2.6456301871741132
build_0099,build_0099_task_2,1.0971490641799397
build_0099,build_0099_task_3,1.517858876567327
build_0099,build_0099_task_4,3.559922263047106
build_0099,build_0099_task_5,0.5417912642380707
build_0099,build_0099_task_6,3.630186982796219
build_0099,build_0099_task_7,4.176990621109843
build_0099,build_0099_task_8,4.946697092589224
build_0100,build_0100_task_1,3.6231395050494983
build_0100,build_0100_task_2,2.6496510864699436
build_0100,build_0100_task_3,1.5302609035656947
build_0100,build_0100_task_4,0.901989864471817
build_0100,build_0100_task_5,4.126805752224641
build_0100,build_0100_task_6,0.9644068994379162
build_0100,build_0100_task_7,2.1540276033017816
build_0100,build_0100_task_8,1.8466489733538167
build_0100,build_0100_task_9,2.222244724486561
build_0100,build_0100_task_10,4.1601556568533935
build_0100,build_0100_task_11,4.435237829380915
build_0101,build_0101_task_1,4.968230698608733
build_0101,build_0101_task_2,1.1428388007570223
build_0101,build_0101_task_3,2.8872872444600644
build_0101,build_0101_task_4,0.5381363387885431
build_0101,build_0101_task_5,3.425090959210131
build_0101,build_0101_task_6,2.4804473935093334
build_0101,build_0101_task_7,3.7509441186394508
build_0101,build_0101_task_8,3.3263601725340615
build_0101,build_0101_task_9,1.1811835887992643
build_0101,build_0101_task_10,2.3526945246185513
build_0101,build_0101_task_11,3.58954776444083
build_0101,build_0101_task_12,4.369831360709675
build_0101,build_0101_task_13,0.8900961505969484
build_0101,build_0101_task_14,0.9520930061493745
build_0101,build_0101_task_15,3.886005409465786
build_0102,build_0102_task_1,3.785041170031902
build_0102,build_0102_task_2,2.081910381724083
build_0102,build_0102_task_3,2.4322493368034546
build_0102,build_0102_task_4,4.0598449753912975
build_0102,build_0102_task_5,1.6150386873361051
build_0102,build_0102_task_6,3.4007925568455395
build_0102,build_0102_task_7,1.6167516223362448
build_0102,build_0102_task_8,3.2044957779350534
build_0102,build_0102_task_9,3.7453083748681015
build_0102,build_0102_task_10,1.7821436450284973
build_0102,build_0102_task_11,4.735756602936553
build_0102,build_0102_task_12,0.6207098276578964
build_0102,build_0102_task_13,4.311815093925775
build_0102,build_0102_task_14,4.441222346256837
build_0103,build_0103_task_1,2.829871075087569
build_0103,build_0103_task_2,2.792851547516207
build_0103,build_0103_task_3,3.865296384415623
build_0103,build_0103_task_4,1.8299392305893
build_0103,build_0103_task_5,0.7455610895686383
build_0103,build_0103_task_6,4.5406065216064535
build_0103,build_0103_task_7,4.796021801062188
build_0103,build_0103_task_8,2.726994739744701
build_0104,build_0104_task_1,1.5848679002234443
build_0104,build_0104_task_2,3.371370484476417
build_0104,build_0104_task_3,0.8195540076292246
build_0104,build_0104_task_4,4.499260376391085
build_0104,build_0104_task_5,0.5543015557599913
build_0104,build_0104_task_6,2.12494193168476
build_0105,build_0105_task_1,1.0939229632971592
build_0105,build_0105_task_2,4.373663017715364
build_0105,build_0105_task_3,3.057711749478324
build_0105,build_0105_task_4,2.144356082816444
build_0105,build_0105_task_5,3.5732392205109176
build_0105,build_0105_task_6,3.932266720530136
build_0105,build_0105_task_7,4.795038427733989
build_0105,build_0105_task_8,3.9666517215107624
build_0105,build_0105_task_9,0.5751023079688529
build_0105,build_0105_task_10,0.8038965617274523
build_0106,build_0106_task_1,1.4708432233275537
build_0106,build_0106_task_2,4.651606800199374
build_0106,build_0106_task_3,4.769059986262061
build_0106,build_0106_task_4,2.2908876074831763
build_0106,build_0106_task_5,1.7891951004309066
build_0106,build_0106_task_6,3.7068308424556276
build_0106,build_0106_task_7,3.951995002995759
build_0106,build_0106_task_8,2.4060885582726286
build_0106,build_0106_task_9,2.3102483479002496
build_0107,build_0107_task_1,2.914541672315069
build_0107,build_0107_task_2,3.272211750500366
build_0107,build_0107_task_3,1.7486048108055203
build_0107,build_0107_task_4,1.8945809852748887
build_0107,build_0107_task_5,2.8008711423289916
build_0107,build_0107_task_6,1.4143887228102252
build_0107,build_0107_task_7,4.13627036436794
build_0107,build_0107_task_8,2.9137557780025625
build_0107,build_0107_task_9,2.2582917633575734
build_0107,build_0107_task_10,3.354324113089655
build_0107,build_0107_task_11,4.255369111331387
build_0107,build_0107_task_12,3.564750581191447
build_0107,build_0107_task_13,0.7975178762954674
build_0107,build_0107_task_14,3.644041467224711
build_0107,build_0107_task_15,3.784812698441937
build_0108,build_0108_task_1,0.7605767481040869
build_0108,build_0108_task_2,0.8879575927617019
build_0108,build_0108_task_3,2.455176148727086
build_0108,build_0108_task_4,2.540173290337142
build_0108,build_0108_task_5,3.2397458199234963
build_0108,build_0108_task_6,1.891805287430868
build_0108,build_0108_task_7,3.837620790758994
build_0108,build_0108_task_8,3.832961811053802
build_0109,build_0109_task_1,0.5569923720177463
build_0109,build_0109_task_2,1.1174530882891136
build_0109,build_0109_task_3,0.5510777140948682
build_0109,build_0109_task_4,2.73385819635222
build_0109,build_0109_task_5,2.0601730745548315
build_0109,build_0109_task_6,2.827502791013136
build_0110,build_0110_task_1,1.2513332938657138
build_0110,build_0110_task_2,1.0711877336650617
build_0110,build_0110_task_3,4.015057909716444
build_0110,build_0110_task_4,1.7094401888416055
build_0110,build_0110_task_5,4.488866418832952
build_0110,build_0110_task_6,3.971436307203311
build_0110,build_0110_task_7,0.6321031302776157
build_0110,build_0110_task_8,4.131985309958164
build_0110,build_0110_task_9,1.7239126775960918
build_0111,build_0111_task_1,1.6832734287191522
build_0111,build_0111_task_2,4.887727645001802
build_0111,build_0111_task_3,3.3238977480442458
build_0111,build_0111_task_4,2.7326640602081267
build_0111,build_0111_task_5,2.7985184574168733
build_0111,build_0111_task_6,0.7494759987908972
build_0112,build_0112_task_1,1.2509662669494375
build_0112,build_0112_task_2,1.2078949149550673
build_0112,build_0112_task_3,3.979980289660931
build_0112,build_0112_task_4,4.52420789064918
build_0112,build_0112_task_5,3.5335419420339362
build_0112,build_0112_task_6,1.019001215903609
build_0112,build_0112_task_7,3.8335098310538527
build_0112,build_0112_task_8,0.5115582771462985
build_0112,build_0112_task_9,4.36410054104908
build_0112,build_0112_task_10,0.5552963286674136
build_0112,build_0112_task_11,0.7069168845038161
build_0112,build_0112_task_12,2.1378942334905835
build_0112,build_0112_task_13,4.6410194536699425
build_0112,build_0112_task_14,1.3053242019580327
build_0113,build_0113_task_1,2.9878915482313904
build_0113,build_0113_task_2,4.6127645128450805
build_0113,build_0113_task_3,3.832996226479596
build_0113,build_0113_task_4,2.3871618696325934
build_0113,build_0113_task_5,1.9481090651242756
build_0114,build_0114_task_1,4.621346441964027
build_0114,build_0114_task_2,1.9397081190396903
build_0114,build_0114_task_3,4.216986479986398
build_0114,build_0114_task_4,3.0719118317785616
build_0114,build_0114_task_5,1.0373041835366503
build_0114,build_0114_task_6,3.529965725233663
build_0114,build_0114_task_7,0.7370246708918329
build_0114,build_0114_task_8,1.504332774277933
build_0114,build_0114_task_9,2.820983588072377
build_0114,build_0114_task_10,0.7066786869865456
build_0114,build_0114_task_11,2.3041618116957614
build_0115,build_0115_task_1,4.397145034897186
build_0115,build_0115_task_2,3.9808736577764843
build_0115,build_0115_task_3,1.8981399832133512
build_0115,build_0115_task_4,0.888734850949878
build_0115,build_0115_task_5,2.5553577917505894
build_0115,build_0115_task_6,2.160137116186471
build_0115,build_0115_task_7,1.8121779079521467
build_0115,build_0115_task_8,4.030282477793037
build_0115,build_0115_task_9,3.8280919403003812
build_0115,build_0115_task_10,1.5916279709910608
build_0115,build_0115_task_11,2.157231324632534
build_0115,build_0115_task_12,4.8733598531791795
build_0116,build_0116_task_1,3.7960850153266996
build_0116,build_0116_task_2,2.959516591743901
build_0116,build_0116_task_3,4.081880935304396
build_0116,build_0116_task_4,1.1775486955694887
build_0116,build_0116_task_5,4.695788896420319
build_0116,build_0116_task_6,0.6075961518920197
build_0116,build_0116_task_7,2.9369533997692656
build_0116,build_0116_task_8,3.36173827780845
build_0117,build_0117_task_1,4.779456179645495
build_0117,build_0117_task_2,0.5065791824100998
build_0117,build_0117_task_3,3.45786732579199
build_0117,build_0117_task_4,4.320526945005148
build_0117,build_0117_task_5,3.7724676756843762
build_0118,build_0118_task_1,1.4233746780765442
build_0118,build_0118_task_2,4.924020838527039
build_0118,build_0118_task_3,2.3891712890128036
build_0118,build_0118_task_4,4.8253327739948615
build_0118,build_0118_task_5,4.876516561853265
build_0118,build_0118_task_6,1.1406806834223577
build_0119,build_0119_task_1,0.918619872611397
build_0119,build_0119_task_2,4.645734813374479
build_0119,build_0119_task_3,4.537793623691567
build_0119,build_0119_task_4,2.8389164832141667
build_0119,build_0119_task_5,3.653811093644058
build_0119,build_0119_task_6,2.1762138833333635
build_0119,build_0119_task_7,4.88549655575713
build_0119,build_0119_task_8,0.8820608788242028
build_0119,build_0119_task_9,0.9300965240182351
build_0120,build_0120_task_1,3.367470560147114
build_0120,build_0120_task_2,2.274580801552066
build_0120,build_0120_task_3,3.1635309350132443
build_0120,build_0120_task_4,0.7802728858398117
build_0120,build_0120_task_5,3.4809976766927706
build_0120,build_0120_task_6,1.0881872889807283
build_0120,build_0120_task_7,1.8125421082560658
build_0121,build_0121_task_1,4.667188783017365
build_0121,build_0121_task_2,2.26828701908339
build_0121,build_0121_task_3,4.243549256094455
build_0121,build_0121_task_4,1.968132059509007
build_0121,build_0121_task_5,2.5374103354200823
build_0121,build_0121_task_6,1.5512505198724076
build_0121,build_0121_task_7,4.745996087135425
build_0121,build_0121_task_8,1.1125033088752356
build_0121,build_0121_task_9,3.965659790718452
build_0121,build_0121_task_10,0.990377751732971
build_0122,build_0122_task_1,1.2396874131489568
build_0122,build_0122_task_2,2.597248005964978
build_0122,build_0122_task_3,2.329306483591462
build_0122,build_0122_task_4,2.9116604709051064
build_0122,build_0122_task_5,4.840856250126029
build_0122,build_0122_task_6,1.434363015246591
build_0123,build_0123_task_1,2.585059677753863
build_0123,build_0123_task_2,4.336169835475169
build_0123,build_0123_task_3,0.906893996218362
build_0123,build_0123_task_4,4.1341860710624365
build_0123,build_0123_task_5,1.8689674229826037
build_0123,build_0123_task_6,3.6711716177757894
build_0123,build_0123_task_7,3.214861189436049
build_0123,build_0123_task_8,1.4675935526315969
build_0123,build_0123_task_9,4.354579720460411
build_0124,build_0124_task_1,0.9104580670610687
build_0124,build_0124_task_2,1.6169845525756479
build_0124,build_0124_task_3,2.1008423997692764
build_0124,build_0124_task_4,2.810568539204283
build_0124,build_0124_task_5,3.5473251964508234
build_0124,build_0124_task_6,1.6707505672455074
build_0124,build_0124_task_7,4.958044791835582
build_0125,build_0125_task_1,4.784434730706848
build_0125,build_0125_task_2,4.345705870799014
build_0125,build_0125_task_3,3.0017919269677473
build_0125,build_0125_task_4,2.9755440140093627
build_0125,build_0125_task_5,0.9262637464642121
build_0126,build_0126_task_1,4.117535390497325
build_0126,build_0126_task_2,1.1290686767290508
build_0126,build_0126_task_3,0.5538061542623585
build_0126,build_0126_task_4,4.236675493525862
build_0126,build_0126_task_5,4.921552568676297
build_0126,build_0126_task_6,1.0882185689479007
build_0127,build_0127_task_1,2.1750788471719895
build_0127,build_0127_task_2,3.33633896871721
build_0127,build_0127_task_3,3.401082570688258
build_0127,build_0127_task_4,3.120457106363284
build_0127,build_0127_task_5,1.6646929355593663
build_0127,build_0127_task_6,4.157361912261265
build_0127,build_0127_task_7,0.5981008223237573
build_0127,build_0127_task_8,0.7901241622110939
build_0127,build_0127_task_9,4.561232368699766
build_0127,build_0127_task_10,2.4954409572619496
build_0127,build_0127_task_11,1.0795619704865203
build_0128,build_0128_task_1,1.0513744666586324
build_0128,build_0128_task_2,4.740262974608519
build_0128,build_0128_task_3,0.7278696541186525
build_0128,build_0128_task_4,4.658592764902703
build_0128,build_0128_task_5,2.4492036975740215
build_0128,build_0128_task_6,3.759938812088177
build_0128,build_0128_task_7,2.7325687604596487
build_0128,build_0128_task_8,2.2222824735526596
build_0128,build_0128_task_9,2.419988082927707
build_0128,build_0128_task_10,2.09274463702904
build_0129,build_0129_task_1,1.7374179606090894
build_0129,build_0129_task_2,2.5070514379099538
build_0129,build_0129_task_3,1.1688413408094827
build_0129,build_0129_task_4,3.2634795999995947
build_0129,build_0129_task_5,3.2763972402068338
build_0129,build_0129_task_6,3.412752802133361
build_0129,build_0129_task_7,2.745012244984246
build_0130,build_0130_task_1,2.6556391848206955
build_0130,build_0130_task_2,0.8947469797655336
build_0130,build_0130_task_3,2.2235687421080623
build_0130,build_0130_task_4,2.3865566953834896
build_0130,build_0130_task_5,3.391936365372958
build_0130,build_0130_task_6,4.087390738473559
build_0130,build_0130_task_7,1.621164898115357
build_0130,build_0130_task_8,4.973392748160335
build_0130,build_0130_task_9,2.9464550731838353
build_0130,build_0130_task_10,0.5878849249505715
build_0130,build_0130_task_11,2.2212413774328
build_0130,build_0130_task_12,3.7101680086255406
build_0130,build_0130_task_13,2.6585799749965227
build_0131,build_0131_task_1,2.048153539054442
build_0131,build_0131_task_2,3.045430017715466
build_0131,build_0131_task_3,1.947219884006051
build_0131,build_0131_task_4,1.7169605814603823
build_0131,build_0131_task_5,0.6172833549600023
build_0131,build_0131_task_6,3.187023587417534
build_0131,build_0131_task_7,0.6318655724148561
build_0131,build_0131_task_8,4.14810214566754
build_0131,build_0131_task_9,1.764196993884895
build_0131,build_0131_task_10,4.138942476078055
build_0131,build_0131_task_11,2.622579733896593
build_0131,build_0131_task_12,2.108448017021937
build_0132,build_0132_task_1,4.998225860651058
build_0132,build_0132_task_2,4.882909377800759
build_0132,build_0132_task_3,0.950604517872309
build_0132,build_0132_task_4,3.455889896193054
build_0132,build_0132_task_5,1.6993715047955738
build_0132,build_0132_task_6,4.173283227239306
build_0132,build_0132_task_7,4.627667671566982
build_0132,build_0132_task_8,0.7515889513360239
build_0132,build_0132_task_9,4.983764218279057
build_0132,build_0132_task_10,1.487352137197662
build_0132,build_0132_task_11,4.309272907093099
build_0132,build_0132_task_12,4.088258093207339
build_0132,build_0132_task_13,2.0966208555432195
build_0132,build_0132_task_14,4.276500135376592
build_0133,build_0133_task_1,1.292451654109955
build_0133,build_0133_task_2,3.1663377913163573
build_0133,build_0133_task_3,4.1279460141172475
build_0133,build_0133_task_4,3.63931953619811
build_0133,build_0133_task_5,4.612910018578404
build_0133,build_0133_task_6,0.6269295637722159
build_0133,build_0133_task_7,3.6525236150813822
build_0134,build_0134_task_1,3.0362291905243715
build_0134,build_0134_task_2,3.033990008888083
build_0134,build_0134_task_3,1.3470514920736534
build_0134,build_0134_task_4,4.946027946820894
build_0134,build_0134_task_5,4.467318619539921
build_0134,build_0134_task_6,2.7150202575293236
build_0134,build_0134_task_7,1.8907388246804882
build_0134,build_0134_task_8,2.7069638905736566
build_0134,build_0134_task_9,0.9061581958290628
build_0134,build_0134_task_10,1.5468051113745758
build_0134,build_0134_task_11,1.4846402376120977
build_0134,build_0134_task_12,2.869018313668299
build_0134,build_0134_task_13,0.5030757337272387
build_0134,build_0134_task_14,4.630532836642909
build_0135,build_0135_task_1,4.1290043598950135
build_0135,build_0135_task_2,2.0334156992004764
build_0135,build_0135_task_3,1.2985694269427173
build_0135,build_0135_task_4,4.110910000646697
build_0135,build_0135_task_5,4.40697694164626
build_0135,build_0135_task_6,0.7680018328026532
build_0135,build_0135_task_7,1.164704085437516
build_0135,build_0135_task_8,3.671133537795459
build_0136,build_0136_task_1,3.9846492446895136
build_0136,build_0136_task_2,4.309163994106106
build_0136,build_0136_task_3,4.373012599661978
build_0136,build_0136_task_4,4.82251437624091
build_0136,build_0136_task_5,2.1811585103751794
build_0136,build_0136_task_6,4.738654460606187
build_0136,build_0136_task_7,2.2801800305923443
build_0137,build_0137_task_1,2.0145248201336203
build_0137,build_0137_task_2,1.9517144196780956
build_0137,build_0137_task_3,4.891373021220918
build_0137,build_0137_task_4,3.7955841144108837
build_0137,build_0137_task_5,2.46590772318312
build_0137,build_0137_task_6,3.376696961544301
build_0138,build_0138_task_1,3.421311195401663
build_0138,build_0138_task_2,1.2839120192998879
build_0138,build_0138_task_3,4.859343033499255
build_0138,build_0138_task_4,3.6210217923164434
build_0138,build_0138_task_5,4.679803440434414
build_0138,build_0138_task_6,4.041463066680096
build_0138,build_0138_task_7,1.504567462912891
build_0138,build_0138_task_8,3.150275701023966
build_0138,build_0138_task_9,1.2890823349559937
build_0138,build_0138_task_10,1.880704531840811
build_0138,build_0138_task_11,3.5982429781953074
build_0138,build_0138_task_12,1.0730676412559097
build_0139,build_0139_task_1,4.769546468995794
build_0139,build_0139_task_2,4.769141719324563
build_0139,build_0139_task_3,2.262206422749209
build_0139,build_0139_task_4,4.974274087464337
build_0139,build_0139_task_5,4.8433277312939795
build_0140,build_0140_task_1,1.3193679020609632
build_0140,build_0140_task_2,1.9319761033704277
build_0140,build_0140_task_3,4.139631165965591
build_0140,build_0140_task_4,3.251215185925578
build_0140,build_0140_task_5,3.3784104775263075
build_0141,build_0141_task_1,4.715095070994144
build_0141,build_0141_task_2,1.1328951566685577
build_0141,build_0141_task_3,3.854044976458921
build_0141,build_0141_task_4,1.5709816631722862
build_0141,build_0141_task_5,4.920708447231606
build_0141,build_0141_task_6,1.2554933753821287
build_0142,build_0142_task_1,4.197478124427394
build_0142,build_0142_task_2,3.5151105700132406
build_0142,build_0142_task_3,3.7817867621029975
build_0142,build_0142_task_4,2.010872595085462
build_0142,build_0142_task_5,0.551280291329741
build_0142,build_0142_task_6,1.4435792798022467
build_0143,build_0143_task_1,2.0771652285379223
build_0143,build_0143_task_2,4.041590027407972
build_0143,build_0143_task_3,3.7418611459863573
build_0143,build_0143_task_4,0.7166635597997675
build_0143,build_0143_task_5,2.4719906359659896
build_0143,build_0143_task_6,2.388439531333433
build_0144,build_0144_task_1,4.480483989142524
build_0144,build_0144_task_2,2.718868970632314
build_0144,build_0144_task_3,2.2042065864841653
build_0144,build_0144_task_4,2.9571078545530445
build_0144,build_0144_task_5,0.9564285183670472
build_0144,build_0144_task_6,2.6577016267872224
build_0144,build_0144_task_7,4.388228242108596
build_0145,build_0145_task_1,3.91209594601558
build_0145,build_0145_task_2,1.5151222738024164
build_0145,build_0145_task_3,2.5307933861888365
build_0145,build_0145_task_4,4.096375545903527
build_0145,build_0145_task_5,0.6503575394085702
build_0145,build_0145_task_6,0.590350992487565
build_0145,build_0145_task_7,1.675074694920179
build_0145,build_0145_task_8,0.9712627182446552
build_0145,build_0145_task_9,2.038136905174504
build_0145,build_0145_task_10,4.495690704804364
build_0145,build_0145_task_11,1.224070227100945
build_0145,build_0145_task_12,0.83751089469871
build_0145,build_0145_task_13,4.738253645908525
build_0145,build_0145_task_14,4.901186853043519
build_0145,build_0145_task_15,2.020777629115711
build_0146,build_0146_task_1,4.519517776908841
build_0146,build_0146_task_2,3.6702709096630617
build_0146,build_0146_task_3,2.4409550036563736
build_0146,build_0146_task_4,3.441358288694079
build_0146,build_0146_task_5,3.2329293154469854
build_0146,build_0146_task_6,2.453901732019834
build_0146,build_0146_task_7,0.7410008419726797
build_0146,build_0146_task_8,1.9899256074799379
build_0146,build_0146_task_9,4.884792893044122
build_0146,build_0146_task_10,2.341759395877906
build_0146,build_0146_task_11,2.993505945423032
build_0146,build_0146_task_12,4.66508120138111
build_0146,build_0146_task_13,2.930564442229952
build_0146,build_0146_task_14,3.472690517208381
build_0147,build_0147_task_1,1.5689672822626055
build_0147,build_0147_task_2,0.7233594936732943
build_0147,build_0147_task_3,3.072964135359837
build_0147,build_0147_task_4,4.27934527180543
build_0147,build_0147_task_5,1.191154705325304
build_0147,build_0147_task_6,2.1237301455227287
build_0147,build_0147_task_7,2.424226808505711
build_0147,build_0147_task_8,1.8254725203479667
build_0147,build_0147_task_9,3.4790910170444045
build_0148,build_0148_task_1,2.6614777885268377
build_0148,build_0148_task_2,0.9364410386667446
build_0148,build_0148_task_3,1.4312884231563272
build_0148,build_0148_task_4,3.371857965835568
build_0148,build_0148_task_5,4.896759631996694
build_0148,build_0148_task_6,2.6310679301393094
build_0148,build_0148_task_7,1.0197901568382255
build_0148,build_0148_task_8,4.031944578801118
build_0148,build_0148_task_9,2.6192500382731527
build_0148,build_0148_task_10,4.52694867532462
build_0148,build_0148_task_11,1.6925197870292956
build_0148,build_0148_task_12,3.3883987214309506
build_0148,build_0148_task_13,2.2438720265922356
build_0148,build_0148_task_14,2.1695923617833635
build_0149,build_0149_task_1,2.1623074921937526
build_0149,build_0149_task_2,2.5059887185750616
build_0149,build_0149_task_3,1.684831850072979
build_0149,build_0149_task_4,2.5927608026959272
build_0149,build_0149_task_5,1.518090261272001
build_0149,build_0149_task_6,1.7085289697282733
build_0149,build_0149_task_7,0.7773771634704469
build_0149,build_0149_task_8,3.885058139518792
build_0149,build_0149_task_9,3.5036080661055578
build_0149,build_0149_task_10,0.885682903279627
build_0149,build_0149_task_11,2.04706123945721
build_0150,build_0150_task_1,2.362939937920681
build_0150,build_0150_task_2,3.9040559876990986
build_0150,build_0150_task_3,1.5238074138105555
build_0150,build_0150_task_4,0.7744268572597742
build_0150,build_0150_task_5,2.2419774359675007
build_0150,build_0150_task_6,2.8516202299583275
build_0150,build_0150_task_7,4.845324668361357
build_0150,build_0150_task_8,3.591805695749991
build_0150,build_0150_task_9,4.71362646025948
build_0150,build_0150_task_10,3.0772143078404843
build_0150,build_0150_task_11,1.5603890876708941
build_0150,build_0150_task_12,1.8448344905324108
build_0150,build_0150_task_13,2.276619643438588
build_0151,build_0151_task_1,2.7594566164202217
build_0151,build_0151_task_2,4.552047776622163
build_0151,build_0151_task_3,4.102026515243086
build_0151,build_0151_task_4,3.548906985092136
build_0151,build_0151_task_5,3.2912290145718632
build_0152,build_0152_task_1,4.771646674032132
build_0152,build_0152_task_2,2.5206788128462088
build_0152,build_0152_task_3,4.770776673627316
build_0152,build_0152_task_4,1.252241543492242
build_0152,build_0152_task_5,1.4535057182466478
build_0152,build_0152_task_6,1.3672673781800047
build_0153,build_0153_task_1,2.4051870469201977
build_0153,build_0153_task_2,4.947259713516121
build_0153,build_0153_task_3,2.4592696048962823
build_0153,build_0153_task_4,4.98771152050449
build_0153,build_0153_task_5,3.3225179550457904
build_0154,build_0154_task_1,1.6604886199449944
build_0154,build_0154_task_2,4.598620185792174
build_0154,build_0154_task_3,4.61378271604364
build_0154,build_0154_task_4,0.8015537887187558
build_0154,build_0154_task_5,2.2464461885663782
build_0154,build_0154_task_6,2.2880974746066616
build_0154,build_0154_task_7,1.9675706241638122
build_0154,build_0154_task_8,1.742903689582622
build_0154,build_0154_task_9,2.5617073150517684
build_0154,build_0154_task_10,4.430598140177407
build_0154,build_0154_task_11,4.039477874724973
build_0154,build_0154_task_12,3.3037606786496365
build_0154,build_0154_task_13,2.8515290470241412
build_0154,build_0154_task_14,2.3881722540135293
build_0155,build_0155_task_1,1.1733904381610365
build_0155,build_0155_task_2,3.049672671747979
build_0155,build_0155_task_3,3.122046890949444
build_0155,build_0155_task_4,4.841742491188831
build_0155,build_0155_task_5,0.9509179902238899
build_0155,build_0155_task_6,0.9753566908246045
build_0155,build_0155_task_7,4.007951136339135
build_0155,build_0155_task_8,4.035855336393549
build_0155,build_0155_task_9,4.403638704943289
build_0155,build_0155_task_10,4.460611030812645
build_0155,build_0155_task_11,4.450521032132246
build_0156,build_0156_task_1,2.223695627946738
build_0156,build_0156_task_2,2.685131565288488
build_0156,build_0156_task_3,3.2403296837859585
build_0156,build_0156_task_4,0.6685955172397104
build_0156,build_0156_task_5,1.739363639156392
build_0156,build_0156_task_6,1.1473370178200317
build_0156,build_0156_task_7,3.2389486883853214
build_0156,build_0156_task_8,3.6214756392519143
build_0156,build_0156_task_9,0.6745213961680778
build_0157,build_0157_task_1,3.6073118937694044
build_0157,build_0157_task_2,0.7218093898585005
build_0157,build_0157_task_3,2.6384818601888225
build_0157,build_0157_task_4,1.7086295972514234
build_0157,build_0157_task_5,2.1759831316102147
build_0157,build_0157_task_6,2.0203973664211974
build_0157,build_0157_task_7,4.071434269575382
build_0157,build_0157_task_8,1.8992718403157585
build_0157,build_0157_task_9,4.292809558751333
build_0157,build_0157_task_10,4.362056524551084
build_0158,build_0158_task_1,0.9419782562273356
build_0158,build_0158_task_2,4.410050112946394
build_0158,build_0158_task_3,1.104734844357982
build_0158,build_0158_task_4,4.883987410714897
build_0158,build_0158_task_5,2.49399775999143
build_0158,build_0158_task_6,4.216204993008877
build_0158,build_0158_task_7,1.7123899145394363
build_0158,build_0158_task_8,2.3754772746742225
build_0158,build_0158_task_9,3.404996651424399
build_0158,build_0158_task_10,1.3457106090167514
build_0158,build_0158_task_11,1.4512572594765392
build_0158,build_0158_task_12,4.207862454148133
build_0158,build_0158_task_13,3.834251595140036
build_0158,build_0158_task_14,3.917719828518155
build_0158,build_0158_task_15,4.402350367476016
build_0159,build_0159_task_1,2.818713661743006
build_0159,build_0159_task_2,1.215375991875502
build_0159,build_0159_task_3,1.9000539198000899
build_0159,build_0159_task_4,2.7805787385644996
build_0159,build_0159_task_5,1.110424194576769
build_0160,build_0160_task_1,4.456996661119351
build_0160,build_0160_task_2,0.6302667169408356
build_0160,build_0160_task_3,1.367435510742012
build_0160,build_0160_task_4,4.248184698844481
build_0160,build_0160_task_5,4.266395049239128
build_0160,build_0160_task_6,1.622706175959257
build_0160,build_0160_task_7,2.554019002076363
build_0160,build_0160_task_8,4.631139812035023
build_0160,build_0160_task_9,3.6708527534901645
build_0160,build_0160_task_10,1.7328987431346152
build_0160,build_0160_task_11,4.205778312601023
build_0160,build_0160_task_12,2.773068687217237
build_0160,build_0160_task_13,3.359344140841298
build_0161,build_0161_task_1,3.5652846219951986
build_0161,build_0161_task_2,1.588721425653252
build_0161,build_0161_task_3,2.6995403257995556
build_0161,build_0161_task_4,2.5074654467338813
build_0161,build_0161_task_5,4.822341702261294
build_0161,build_0161_task_6,2.6356203007769663
build_0162,build_0162_task_1,2.0739195574009455
build_0162,build_0162_task_2,1.2358112653303288
build_0162,build_0162_task_3,4.525213641404879
build_0162,build_0162_task_4,3.8703251051821996
build_0162,build_0162_task_5,3.599827419271794
build_0162,build_0162_task_6,1.7828121939564288
build_0162,build_0162_task_7,2.239545518334431
build_0162,build_0162_task_8,1.2330833251937923
build_0162,build_0162_task_9,3.0751612745913532
build_0162,build_0162_task_10,4.842129241410148
build_0162,build_0162_task_11,4.35700034347236
build_0162,build_0162_task_12,3.4132095129266693
build_0162,build_0162_task_13,3.5496286074093684
build_0163,build_0163_task_1,3.432142997851836
build_0163,build_0163_task_2,2.809765551911559
build_0163,build_0163_task_3,4.3908346854997164
build_0163,build_0163_task_4,4.852122600779513
build_0163,build_0163_task_5,3.5698987919095226
build_0163,build_0163_task_6,2.633437429382052
build_0163,build_0163_task_7,1.0954134085265692
build_0163,build_0163_task_8,1.2794029541696514
build_0163,build_0163_task_9,4.103891637460044
build_0164,build_0164_task_1,1.6357569861229315
build_0164,build_0164_task_2,4.122885061379689
build_0164,build_0164_task_3,1.8745686427305055
build_0164,build_0164_task_4,4.851609995157695
build_0164,build_0164_task_5,3.392331400805738
build_0164,build_0164_task_6,2.4071306029682855
build_0164,build_0164_task_7,2.1941395352195032
build_0164,build_0164_task_8,2.0691913967243662
build_0165,build_0165_task_1,1.4819407433281915
build_0165,build_0165_task_2,1.8596529107345838
build_0165,build_0165_task_3,2.842870542477061
build_0165,build_0165_task_4,3.306227432840961
build_0165,build_0165_task_5,3.1301922012895678
build_0165,build_0165_task_6,0.533064077062992
build_0165,build_0165_task_7,4.99743220940679
build_0165,build_0165_task_8,4.849184545090629
build_0165,build_0165_task_9,4.2772028869691034
build_0166,build_0166_task_1,3.4130395402906566
build_0166,build_0166_task_2,3.2407254708710758
build_0166,build_0166_task_3,1.8431416681398385
build_0166,build_0166_task_4,0.9864703876362956
build_0166,build_0166_task_5,0.7872667425369946
build_0166,build_0166_task_6,4.947624346197952
build_0166,build_0166_task_7,3.382676355265951
build_0166,build_0166_task_8,4.376712201133238
build_0166,build_0166_task_9,1.6751610856692358
build_0166,build_0166_task_10,3.699921990073063
build_0166,build_0166_task_11,4.515682089564197
build_0166,build_0166_task_12,1.844560003635439
build_0166,build_0166_task_13,1.1746818335937044
build_0167,build_0167_task_1,4.548591701354727
build_0167,build_0167_task_2,4.1244342018508835
build_0167,build_0167_task_3,4.110636850037652
build_0167,build_0167_task_4,3.200149855155072
build_0167,build_0167_task_5,3.47238645656508
build_0167,build_0167_task_6,3.563400876743218
build_0167,build_0167_task_7,3.7457743891667477
build_0167,build_0167_task_8,3.4493025670809874
build_0168,build_0168_task_1,1.6674182272039502
build_0168,build_0168_task_2,2.3835455873660374
build_0168,build_0168_task_3,2.2472371445245627
build_0168,build_0168_task_4,0.6589355217189091
build_0168,build_0168_task_5,3.68631031719142
build_0168,build_0168_task_6,3.074190953165785
build_0168,build_0168_task_7,1.3546182218510783
build_0168,build_0168_task_8,3.7694744446140658
build_0168,build_0168_task_9,1.5006343728932101
build_0169,build_0169_task_1,3.3724111544492597
build_0169,build_0169_task_2,2.6408084078086107
build_0169,build_0169_task_3,4.733005795802237
build_0169,build_0169_task_4,2.1132370925166963
build_0169,build_0169_task_5,1.8508767284779741
build_0169,build_0169_task_6,1.2649399882769143
build_0169,build_0169_task_7,3.4592660810368248
build_0169,build_0169_task_8,3.012116199844415
build_0169,build_0169_task_9,1.8220282378734183
build_0169,build_0169_task_10,2.618513927428041
build_0169,build_0169_task_11,3.8341350120599067
build_0169,build_0169_task_12,3.763339866977538
build_0169,build_0169_task_13,3.0156424524868424
build_0170,build_0170_task_1,4.761155210872781
build_0170,build_0170_task_2,4.548160210328892
build_0170,build_0170_task_3,3.444955899580189
build_0170,build_0170_task_4,1.5001408018080538
build_0170,build_0170_task_5,1.5049756642352388
build_0170,build_0170_task_6,4.421445044740167
build_0170,build_0170_task_7,2.3921265568316494
build_0171,build_0171_task_1,2.172570933941875
build_0171,build_0171_task_2,3.135068128431067
build_0171,build_0171_task_3,2.5869228268449196
build_0171,build_0171_task_4,1.0300166205869208
build_0171,build_0171_task_5,0.7415462948290267
build_0171,build_0171_task_6,3.3547853464341593
build_0171,build_0171_task_7,3.1114089880090536
build_0171,build_0171_task_8,3.292946128699711
build_0171,build_0171_task_9,2.624988570827374
build_0171,build_0171_task_10,1.3754471223961426
build_0172,build_0172_task_1,4.403739896142035
build_0172,build_0172_task_2,2.217511489125142
build_0172,build_0172_task_3,1.8426008921785848
build_0172,build_0172_task_4,0.743278867891588
build_0172,build_0172_task_5,4.344078966815047
build_0172,build_0172_task_6,1.1181436662790576
build_0173,build_0173_task_1,2.0420144821805004
build_0173,build_0173_task_2,4.942362197207779
build_0173,build_0173_task_3,4.517803054897444
build_0173,build_0173_task_4,4.939921651475664
build_0173,build_0173_task_5,1.1445086853483732
build_0173,build_0173_task_6,4.380772745017023
build_0173,build_0173_task_7,1.3116054609807972
build_0173,build_0173_task_8,0.8636516011812818
build_0174,build_0174_task_1,3.339647475182128
build_0174,build_0174_task_2,1.2957091995355734
build_0174,build_0174_task_3,3.3552453611870194
build_0174,build_0174_task_4,0.5212107564079723
build_0174,build_0174_task_5,1.7308753799067482
build_0174,build_0174_task_6,3.9253697654674964
build_0174,build_0174_task_7,1.2587259046230845
build_0174,build_0174_task_8,3.9401768126559107
build_0174,build_0174_task_9,2.7030969078350737
build_0174,build_0174_task_10,3.936061251974747
build_0175,build_0175_task_1,1.0823268090572864
build_0175,build_0175_task_2,2.4517013642988648
build_0175,build_0175_task_3,2.4323437535410424
build_0175,build_0175_task_4,2.4306145187018457
build_0175,build_0175_task_5,2.6483012417325664
build_0175,build_0175_task_6,0.5210111191106135
build_0176,build_0176_task_1,1.3973641305265263
build_0176,build_0176_task_2,2.1789563244231696
build_0176,build_0176_task_3,0.5633470342608446
build_0176,build_0176_task_4,1.9499591023163108
build_0176,build_0176_task_5,4.249528999549538
build_0176,build_0176_task_6,1.3575951947318203
build_0176,build_0176_task_7,3.545366637546995
build_0176,build_0176_task_8,3.3200911790223016
build_0176,build_0176_task_9,1.6197040529414686
build_0176,build_0176_task_10,3.620861362266787
build_0176,build_0176_task_11,2.049573983284944
build_0176,build_0176_task_12,1.0801886019273623
build_0176,build_0176_task_13,2.225977143384622
build_0177,build_0177_task_1,1.8775179144113574
build_0177,build_0177_task_2,0.7937916011161894
build_0177,build_0177_task_3,0.7057325828217723
build_0177,build_0177_task_4,4.768085187738575
build_0177,build_0177_task_5,2.5516684038582707
build_0177,build_0177_task_6,2.841297855106477
build_0177,build_0177_task_7,2.8585293965060874
build_0177,build_0177_task_8,2.451493535160148
build_0177,build_0177_task_9,3.5905106960209148
build_0177,build_0177_task_10,1.1020524355940353
build_0177,build_0177_task_11,4.982625116081737
build_0177,build_0177_task_12,2.7058040806399952
build_0177,build_0177_task_13,3.8755201201730753
build_0177,build_0177_task_14,1.2419757900117303
build_0178,build_0178_task_1,0.5860612990549374
build_0178,build_0178_task_2,1.5094461349566255
build_0178,build_0178_task_3,4.931957860219672
build_0178,build_0178_task_4,1.450356031234151
build_0178,build_0178_task_5,0.5986097242952715
build_0178,build_0178_task_6,2.7708509956332397
build_0178,build_0178_task_7,1.0542289178793243
build_0178,build_0178_task_8,3.6999954054313275
build_0178,build_0178_task_9,4.064572197706516
build_0178,build_0178_task_10,2.1883659470412775
build_0178,build_0178_task_11,3.381444883726919
build_0179,build_0179_task_1,3.3041064979034758
build_0179,build_0179_task_2,3.172658305436827
build_0179,build_0179_task_3,0.7158216906999395
build_0179,build_0179_task_4,0.9865105259497036
build_0179,build_0179_task_5,4.262540043062254
build_0179,build_0179_task_6,0.7170577541282316
build_0179,build_0179_task_7,1.0210542185268552
build_0179,build_0179_task_8,2.499414300256535
build_0179,build_0179_task_9,1.0561777834800685
build_0179,build_0179_task_10,1.6373223188130819
build_0179,build_0179_task_11,3.6584069668432466
build_0179,build_0179_task_12,1.4247271204617926
build_0179,build_0179_task_13,3.5858301284641105
build_0180,build_0180_task_1,1.8550240464055652
build_0180,build_0180_task_2,3.477490592408249
build_0180,build_0180_task_3,3.4811733465000354
build_0180,build_0180_task_4,1.714897172917351
build_0180,build_0180_task_5,3.225354516158019
build_0181,build_0181_task_1,2.384715882971415
build_0181,build_0181_task_2,4.5437986625143445
build_0181,build_0181_task_3,2.8021315390948054
build_0181,build_0181_task_4,3.279640797747713
build_0181,build_0181_task_5,1.7721804567654165
build_0181,build_0181_task_6,4.0314202977581814
build_0181,build_0181_task_7,2.739825784369632
build_0182,build_0182_task_1,1.3988722376586133
build_0182,build_0182_task_2,1.6834726202617933
build_0182,build_0182_task_3,2.854157484166613
build_0182,build_0182_task_4,1.4075293549198524
build_0182,build_0182_task_5,3.665465376108162
build_0182,build_0182_task_6,1.8290804045027582
build_0182,build_0182_task_7,0.6773256843285589
build_0182,build_0182_task_8,2.733596210156417
build_0182,build_0182_task_9,1.4346229292222676
build_0182,build_0182_task_10,4.699059550933448
build_0182,build_0182_task_11,1.9877162728851565
build_0182,build_0182_task_12,0.5123209957582671
build_0182,build_0182_task_13,3.522349096093422
build_0182,build_0182_task_14,4.580960199214064
build_0183,build_0183_task_1,3.5105986872573802
build_0183,build_0183_task_2,1.1711502170004475
build_0183,build_0183_task_3,0.9053720310916602
build_0183,build_0183_task_4,2.802674061340965
build_0183,build_0183_task_5,3.7560362760431554
build_0183,build_0183_task_6,0.9558071536683082
build_0183,build_0183_task_7,1.651514462377992
build_0183,build_0183_task_8,1.5402212892128566
build_0183,build_0183_task_9,4.948996688409219
build_0183,build_0183_task_10,1.832099804196973
build_0183,build_0183_task_11,2.5892481075626677
build_0183,build_0183_task_12,0.9491401177592786
build_0183,build_0183_task_13,1.286158140254259
build_0183,build_0183_task_14,0.6775003398591211
build_0184,build_0184_task_1,2.120965988242495
build_0184,build_0184_task_2,3.545449394041165
build_0184,build_0184_task_3,2.416978428687385
build_0184,build_0184_task_4,1.021554741468229
build_0184,build_0184_task_5,4.330606553047284
build_0184,build_0184_task_6,4.506314051944769
build_0184,build_0184_task_7,0.5435254747718142
build_0184,build_0184_task_8,1.1227749920271157
build_0184,build_0184_task_9,3.412393817807028
build_0185,build_0185_task_1,2.1088733190698497
build_0185,build_0185_task_2,2.469715325518706
build_0185,build_0185_task_3,3.2981316499962823
build_0185,build_0185_task_4,4.453139918288631
build_0185,build_0185_task_5,0.9182809194684003
build_0185,build_0185_task_6,4.167339302914233
build_0185,build_0185_task_7,1.3229123913663923
build_0185,build_0185_task_8,2.303498814263388
build_0185,build_0185_task_9,4.830394685673893
build_0185,build_0185_task_10,1.7232489083758555
build_0186,build_0186_task_1,3.604560940176413
build_0186,build_0186_task_2,2.65210254937072
build_0186,build_0186_task_3,2.397829196749696
build_0186,build_0186_task_4,4.487557490066386
build_0186,build_0186_task_5,1.250504281437058
build_0186,build_0186_task_6,1.0963020930645198
build_0186,build_0186_task_7,3.7688500044041033
build_0186,build_0186_task_8,4.91706126735435
build_0186,build_0186_task_9,4.29957431344151
build_0186,build_0186_task_10,0.9667089758226626
build_0186,build_0186_task_11,4.600520425724807
build_0187,build_0187_task_1,4.1101915282029315
build_0187,build_0187_task_2,3.5527691131214247
build_0187,build_0187_task_3,1.3156725224178594
build_0187,build_0187_task_4,2.2088785060214944
build_0187,build_0187_task_5,2.1136951167219347
build_0187,build_0187_task_6,0.6296730330704969
build_0187,build_0187_task_7,3.580088600216628
build_0187,build_0187_task_8,4.273414144462002
build_0187,build_0187_task_9,4.8805006110141615
build_0187,build_0187_task_10,1.0879489829678715
build_0187,build_0187_task_11,4.641790935371462
build_0187,build_0187_task_12,1.0082186571819534
build_0188,build_0188_task_1,2.4830954611813683
build_0188,build_0188_task_2,0.7850122092459938
build_0188,build_0188_task_3,3.4473810599302555
build_0188,build_0188_task_4,0.5556209584367031
build_0188,build_0188_task_5,4.407495223363341
build_0188,build_0188_task_6,2.8616806041738334
build_0188,build_0188_task_7,3.846307155452076
build_0188,build_0188_task_8,3.756980944741927
build_0188,build_0188_task_9,1.5079321369568255
build_0188,build_0188_task_10,4.800926435845342
build_0188,build_0188_task_11,4.429146036672241
build_0189,build_0189_task_1,2.853964288511033
build_0189,build_0189_task_2,3.6526108293389945
build_0189,build_0189_task_3,0.9285896230326263
build_0189,build_0189_task_4,3.4777096828068332
build_0189,build_0189_task_5,1.6185964768281842
build_0189,build_0189_task_6,2.055872693558767
build_0189,build_0189_task_7,3.543330057608485
build_0189,build_0189_task_8,2.2319447783302144
build_0189,build_0189_task_9,4.275648595534043
build_0189,build_0189_task_10,3.0125490651598454
build_0189,build_0189_task_11,4.945062311426647
build_0189,build_0189_task_12,0.7455475185245413
build_0189,build_0189_task_13,3.3952942245056583
build_0190,build_0190_task_1,2.7750540734812996
build_0190,build_0190_task_2,2.6118002148972463
build_0190,build_0190_task_3,2.731257188412326
build_0190,build_0190_task_4,1.2443174297876176
build_0190,build_0190_task_5,3.881435004714249
build_0190,build_0190_task_6,1.9428521699012307
build_0190,build_0190_task_7,1.9890267913464659
build_0191,build_0191_task_1,0.7265782153694478
build_0191,build_0191_task_2,1.5021793542595956
build_0191,build_0191_task_3,3.394927916704633
build_0191,build_0191_task_4,2.3147464705777527
build_0191,build_0191_task_5,1.5574999999607924
build_0191,build_0191_task_6,2.5659256763670584
build_0191,build_0191_task_7,4.105675794770249
build_0191,build_0191_task_8,2.5164436354941824
build_0191,build_0191_task_9,4.354651508801077
build_0192,build_0192_task_1,1.9222768733961937
build_0192,build_0192_task_2,4.9130183252556625
build_0192,build_0192_task_3,3.8535753409577795
build_0192,build_0192_task_4,0.5799610798202075
build_0192,build_0192_task_5,2.315478465374734
build_0192,build_0192_task_6,0.6612436958185548
build_0192,build_0192_task_7,2.970944553619353
build_0192,build_0192_task_8,4.216589412905499
build_0192,build_0192_task_9,4.063024783275386
build_0192,build_0192_task_10,4.834270617260022
build_0192,build_0192_task_11,3.3689215508899895
build_0192,build_0192_task_12,4.5054990447127805
build_0193,build_0193_task_1,1.4308306198245426
build_0193,build_0193_task_2,3.521634668506202
build_0193,build_0193_task_3,4.7765980849701455
build_0193,build_0193_task_4,2.1350411490641497
build_0193,build_0193_task_5,0.7442384598750553
build_0193,build_0193_task_6,1.5031315147834157
build_0193,build_0193_task_7,2.5450699217161294
build_0193,build_0193_task_8,3.0206788029773066
build_0193,build_0193_task_9,3.2889108635468793
build_0193,build_0193_task_10,2.62910156492115
build_0193,build_0193_task_11,3.4572524289401283
build_0193,build_0193_task_12,3.7216107512741985
build_0193,build_0193_task_13,1.0131051126008224
build_0194,build_0194_task_1,1.497861985190855
build_0194,build_0194_task_2,2.036107015595774
build_0194,build_0194_task_3,4.234477485354805
build_0194,build_0194_task_4,4.83995157554453
build_0194,build_0194_task_5,1.8139260371372667
build_0194,build_0194_task_6,2.8489328897186117
build_0194,build_0194_task_7,3.6594322396699344
build_0194,build_0194_task_8,0.7060014943476542
build_0194,build_0194_task_9,1.2386991546742587
build_0194,build_0194_task_10,1.1320213429501198
build_0194,build_0194_task_11,3.7258525069154724
build_0194,build_0194_task_12,3.7470159295309218
build_0194,build_0194_task_13,0.9813267748378355
build_0194,build_0194_task_14,3.2488329476240767
build_0194,build_0194_task_15,1.343945302392215
build_0195,build_0195_task_1,1.470152769660257
build_0195,build_0195_task_2,4.2104936466842275
build_0195,build_0195_task_3,1.357604438256812
build_0195,build_0195_task_4,2.0207009686898125
build_0195,build_0195_task_5,3.9071720381462316
build_0195,build_0195_task_6,0.7092516285912642
build_0195,build_0195_task_7,3.349582104150936
build_0195,build_0195_task_8,3.5246379759136586
build_0195,build_0195_task_9,1.0544863564867768
build_0195,build_0195_task_10,4.512894597107699
build_0195,build_0195_task_11,2.5582454462577036
build_0196,build_0196_task_1,4.80285644731588
build_0196,build_0196_task_2,1.1058620649378474
build_0196,build_0196_task_3,2.7447288894617508
build_0196,build_0196_task_4,2.886639563835879
build_0196,build_0196_task_5,0.7185722253435735
build_0196,build_0196_task_6,4.708887263742437
build_0196,build_0196_task_7,4.274672498055124
build_0196,build_0196_task_8,2.6731938359116683
build_0196,build_0196_task_9,2.7874980458234746
build_0196,build_0196_task_10,4.645230413197105
build_0196,build_0196_task_11,1.297410973259655
build_0196,build_0196_task_12,3.1034947356687947
build_0196,build_0196_task_13,3.7872259778425
build_0196,build_0196_task_14,1.0777180192321
build_0197,build_0197_task_1,3.4588481500927886
build_0197,build_0197_task_2,3.227723482788588
build_0197,build_0197_task_3,1.948296928916093
build_0197,build_0197_task_4,4.466257551543279
build_0197,build_0197_task_5,2.3839913562517867
build_0197,build_0197_task_6,3.2404716210186186
build_0197,build_0197_task_7,3.6163199091753806
build_0197,build_0197_task_8,1.6170745509205864
build_0197,build_0197_task_9,2.2904149840486863
build_0197,build_0197_task_10,2.0428646271468134
build_0197,build_0197_task_11,1.8237809392646374
build_0198,build_0198_task_1,1.1218100254040553
build_0198,build_0198_task_2,3.211360023543717
build_0198,build_0198_task_3,4.4889658493393725
build_0198,build_0198_task_4,2.805325801261582
build_0198,build_0198_task_5,4.293834940766725
build_0198,build_0198_task_6,2.9651268711178296
build_0198,build_0198_task_7,1.9125985779124095
build_0199,build_0199_task_1,3.3466247802826876
build_0199,build_0199_task_2,1.4040008704640499
build_0199,build_0199_task_3,3.308754151424247
build_0199,build_0199_task_4,1.807607729656628
build_0199,build_0199_task_5,2.0538211140436147
build_0199,build_0199_task_6,3.5256817087309265
build_0199,build_0199_task_7,4.916009733056903
build_0199,build_0199_task_8,3.4253887451314005
build_0199,build_0199_task_9,4.812469037623384
build_0199,build_0199_task_10,2.7675204756946234
build_0199,build_0199_task_11,3.6244038817729685
build_0199,build_0199_task_12,1.9507162883623483
build_0199,build_0199_task_13,1.0193236352763144
build_0200,build_0200_task_1,3.0302609515314147
build_0200,build_0200_task_2,3.1226282199313626
build_0200,build_0200_task_3,4.742031428979393
build_0200,build_0200_task_4,3.695556341697653
build_0200,build_0200_task_5,3.534095684926281
build_0200,build_0200_task_6,4.52239700620064
build_0200,build_0200_task_7,2.9025626166662266
build_0200,build_0200_task_8,4.448647557294778
build_0200,build_0200_task_9,2.400738661269631
build_0200,build_0200_task_10,0.5574673179707297
