build_id,queue_time_seconds
build_0001,144.0
build_0002,149.0
build_0003,172.0
build_0004,77.0
build_0005,93.0
build_0006,65.0
build_0007,172.0
build_0008,66.0
build_0009,196.0
build_0010,191.0
build_0011,156.0
build_0012,290.0
build_0013,246.0
build_0014,35.0
build_0015,110.0
build_0016,182.0
build_0017,195.0
build_0018,70.0
build_0019,114.0
build_0020,221.0
build_0021,147.0
build_0022,199.0
build_0023,272.0
build_0024,246.0
build_0025,203.0
build_0026,172.0
build_0027,151.0
build_0028,31.0
build_0029,141.0
build_0030,110.0
build_0031,150.0
build_0032,297.0
build_0033,97.0
build_0034,81.0
build_0035,219.0
build_0036,183.0
build_0037,174.0
build_0038,56.0
build_0039,96.0
build_0040,68.0
build_0041,187.0
build_0042,238.0
build_0043,200.0
build_0044,270.0
build_0045,128.0
build_0046,199.0
build_0047,252.0
build_0048,52.0
build_0049,190.0
build_0050,95.0
build_0051,30.0
build_0052,139.0
build_0053,150.0
build_0054,67.0
build_0055,105.0
build_0056,92.0
build_0057,258.0
build_0058,296.0
build_0059,169.0
build_0060,139.0
build_0061,245.0
build_0062,182.0
build_0063,229.0
build_0064,43.0
build_0065,224.0
build_0066,71.0
build_0067,50.0
build_0068,88.0
build_0069,113.0
build_0070,154.0
build_0071,219.0
build_0072,215.0
build_0073,253.0
build_0074,267.0
build_0075,211.0
build_0076,127.0
build_0077,281.0
build_0078,218.0
build_0079,186.0
build_0080,140.0
build_0081,121.0
build_0082,94.0
build_0083,124.0
build_0084,57.0
build_0085,145.0
build_0086,60.0
build_0087,68.0
build_0088,177.0
build_0089,88.0
build_0090,187.0
build_0091,286.0
build_0092,158.0
build_0093,50.0
build_0094,281.0
build_0095,112.0
build_0096,75.0
build_0097,266.0
build_0098,56.0
build_0099,44.0
build_0100,88.0
build_0101,277.0
build_0102,65.0
build_0103,182.0
build_0104,194.0
build_0105,272.0
build_0106,255.0
build_0107,270.0
build_0108,279.0
build_0109,80.0
build_0110,58.0
build_0111,122.0
build_0112,103.0
build_0113,110.0
build_0114,158.0
build_0115,213.0
build_0116,55.0
build_0117,158.0
build_0118,216.0
build_0119,217.0
build_0120,88.0
build_0121,217.0
build_0122,164.0
build_0123,197.0
build_0124,239.0
build_0125,150.0
build_0126,80.0
build_0127,257.0
build_0128,233.0
build_0129,40.0
build_0130,140.0
build_0131,158.0
build_0132,119.0
build_0133,259.0
build_0134,296.0
build_0135,85.0
build_0136,94.0
build_0137,88.0
build_0138,242.0
build_0139,272.0
build_0140,96.0
build_0141,56.0
build_0142,85.0
build_0143,249.0
build_0144,209.0
build_0145,45.0
build_0146,189.0
build_0147,71.0
build_0148,292.0
build_0149,142.0
build_0150,160.0
build_0151,147.0
build_0152,69.0
build_0153,40.0
build_0154,84.0
build_0155,200.0
build_0156,105.0
build_0157,68.0
build_0158,191.0
build_0159,289.0
build_0160,76.0
build_0161,273.0
build_0162,118.0
build_0163,228.0
build_0164,227.0
build_0165,230.0
build_0166,95.0
build_0167,139.0
build_0168,81.0
build_0169,113.0
build_0170,151.0
build_0171,270.0
build_0172,132.0
build_0173,294.0
build_0174,253.0
build_0175,287.0
build_0176,80.0
build_0177,270.0
build_0178,106.0
build_0179,152.0
build_0180,293.0
build_0181,73.0
build_0182,228.0
build_0183,83.0
build_0184,267.0
build_0185,180.0
build_0186,272.0
build_0187,93.0
build_0188,284.0
build_0189,122.0
build_0190,248.0
build_0191,59.0
build_0192,254.0
build_0193,46.0
build_0194,100.0
build_0195,125.0
build_0196,258.0
build_0197,67.0
build_0198,63.0
build_0199,132.0
build_0200,74.0
